Name,Team,POS,ADP,IP,mERA,mWHIP,mSO,mQS,mSVHLD,PTS,aPOS,Dollars,NameASCII,PlayerId,MLBAMID
Tarik Skubal ,DET,SP,6.909999847,188.109,19.54166741,20.52189481,10.20390596,8.951829338,-4.486521931,54.73277559,10.53333333,66.26610892,Tarik Skubal,22267,669373
Paul Skenes ,PIT,SP,9.659999847,185.012,18.39506193,14.26542104,9.673658979,8.554565973,-4.486521931,46.40218599,10.53333333,57.93551932,Paul Skenes,33677,694973
Garrett Crochet ,BOS,SP,12.10000038,183.03,12.17940054,10.99398135,9.931305687,8.051973565,-4.486521931,36.67013921,10.53333333,48.20347255,Garrett Crochet,27463,676979
Bryan Woo ,SEA,SP,34.90000153,183.483,4.735494001,13.97840286,6.635813783,7.088007268,-4.486521931,27.95119599,10.53333333,39.48452932,Bryan Woo,30279,693433
Chris Sale ,ATL,SP,39.20999908,156.965,8.09517379,7.46837383,7.276542437,6.092847421,-4.486521931,24.44641555,10.53333333,35.97974888,Chris Sale,10603,519242
Logan Gilbert ,SEA,SP,37.11000061,167.796,3.96743274,11.86211255,6.85077829,5.847266312,-4.486521931,24.04106796,10.53333333,35.5744013,Logan Gilbert,22250,669302
Cristopher Sánchez ,PHI,SP,25.17000008,187.877,9.514224208,3.12170132,6.412742386,7.926072813,-4.486521931,22.4882188,10.53333333,34.02155213,Cristopher Sanchez,20778,650911
Jacob deGrom ,TEX,SP,49.97000122,157.865,3.564565441,10.34861054,6.00010551,4.842248172,-4.486521931,20.26900774,10.53333333,31.80234107,Jacob deGrom,10954,594798
Yoshinobu Yamamoto ,LAD,SP,26.63999939,161.159,7.111751603,5.772287924,5.781969967,5.976610615,-4.486521931,20.15609818,10.53333333,31.68943151,Yoshinobu Yamamoto,33825,808967
Mason Miller ,SDP,RP,28.07999992,64.3725,8.387139072,6.572786466,-0.629309184,-3.50567792,7.252653709,18.07759214,10.53333333,29.61092548,Mason Miller,31757,695243
Logan Webb ,SFG,SP,57.72999954,195.373,7.743599232,-0.894196585,6.774570959,8.265867681,-4.427461988,17.4623793,10.53333333,28.99571263,Logan Webb,17995,657277
Zack Wheeler ,PHI,SP,111.9700012,129.846,4.995469576,6.404007523,3.671261024,4.943275907,-4.486521931,15.5274921,10.53333333,27.06082543,Zack Wheeler,10310,554430
Max Fried ,NYY,SP,50.09000015,180.199,6.423023053,0.401274722,5.442930336,7.446540403,-4.486521931,15.22724658,10.53333333,26.76057992,Max Fried,13743,608331
Cole Ragans ,KCR,SP,47.77999878,155.757,3.647571593,1.918951309,7.314758805,5.498194213,-4.486521931,13.89295399,10.53333333,25.42628732,Cole Ragans,21846,666142
Hunter Brown ,HOU,SP,36.40000153,178.999,2.967666989,-0.082226323,7.365892407,7.380473241,-4.486521931,13.14528438,10.53333333,24.67861772,Hunter Brown,25880,686613
George Kirby ,SEA,SP,64.55999756,165.969,0.373217425,6.490781733,4.720957321,5.837656387,-4.486521931,12.93609093,10.53333333,24.46942427,George Kirby,25436,669923
Cade Smith ,CLE,RP,39.65999985,68.3668,5.407246825,4.876375052,-1.497824167,-3.54164989,6.980490701,12.22463852,10.53333333,23.75797185,Cade Smith,27867,671922
Joe Ryan ,MIN,SP,78.80999756,168.145,-3.471842196,6.999623025,6.630592331,5.712038261,-4.486521931,11.38388949,10.53333333,22.91722282,Joe Ryan,21390,657746
Edwin Díaz ,LAD,RP,32.95000076,64.904,4.291944469,4.146683822,-1.478298472,-3.54164989,7.951488442,11.37016837,10.53333333,22.9035017,Edwin Diaz,14710,621242
Jesús Luzardo ,PHI,SP,71.11000061,176.054,-0.097074357,1.204156806,7.36912876,6.475792412,-4.486521931,10.46548169,10.53333333,21.99881502,Jesus Luzardo,19959,666200
Nathan Eovaldi ,TEX,SP,133.5399933,153.48,-0.424272242,4.613020372,3.587015961,5.456921013,-4.429912849,8.802772255,10.53333333,20.33610559,Nathan Eovaldi,9132,543135
Jhoan Duran ,PHI,RP,41.56999969,65.6461,5.546168404,2.262263101,-2.561472513,-3.54164989,7.09023839,8.795547493,10.53333333,20.32888083,Jhoan Duran,21029,661395
Andrés Muñoz ,SEA,RP,41.31000137,62.2277,5.103681829,1.892465593,-2.471970778,-3.54164989,7.472726508,8.455253261,10.53333333,19.98858659,Andres Munoz,20373,662253
Shohei Ohtani ,LAD,SP,1.25999999,113.27,3.436295576,4.209331841,2.371212938,2.024968993,-4.486521931,7.555287417,10.53333333,19.08862075,Shohei Ohtani,19755,660271
Griffin Jax ,TBR,RP,149.9299927,63.1288,3.845816945,3.694723251,-2.187269725,-3.54164989,5.507153167,7.318773748,10.53333333,18.85210708,Griffin Jax,20253,643377
Framber Valdez ,DET,SP,81.84999847,185.144,3.114288822,-4.812925362,5.595275838,7.369314476,-4.486521931,6.779431843,10.53333333,18.31276518,Framber Valdez,17295,664285
Bryan Abreu ,HOU,RP,183.0899963,67.3706,3.848809706,0.58861304,-1.338945125,-3.54164989,6.217522897,5.774350627,10.53333333,17.30768396,Bryan Abreu,16609,650556
Devin Williams ,NYM,RP,59.61999893,62.8987,3.247694989,1.260075763,-2.072319015,-3.54164989,6.871834132,5.765635979,10.53333333,17.29896931,Devin Williams,15816,642207
Brandon Woodruff ,MIL,SP,143.6199951,141.709,-1.634688046,4.090672313,3.700479127,3.853008307,-4.486521931,5.52294977,10.53333333,17.0562831,Brandon Woodruff,16162,605540
Aroldis Chapman ,BOS,RP,63.97000122,55.665,3.611779351,1.295928637,-2.502890304,-3.54164989,5.75833095,4.621498743,10.53333333,16.15483208,Aroldis Chapman,10233,547973
Drew Rasmussen ,TBR,SP,133.2100067,152.689,0.312616688,2.194193151,2.812875812,3.474035883,-4.469261206,4.324460328,10.53333333,15.85779366,Drew Rasmussen,25385,656876
David Bednar ,NYY,RP,63.72000122,61.5345,2.020796198,1.838438683,-2.756071179,-3.54164989,6.752930721,4.314444533,10.53333333,15.84777787,David Bednar,19569,670280
Nick Pivetta ,SDP,SP,96.02999878,166.514,-5.321220076,1.88937493,6.313089109,5.60979438,-4.486521931,4.004516411,10.53333333,15.53784974,Nick Pivetta,15454,601713
Dylan Cease ,TOR,SP,74.26999664,168.955,-1.20257532,-3.579960559,7.865039921,5.127846148,-4.486521931,3.723828258,10.53333333,15.25716159,Dylan Cease,18525,656302
Freddy Peralta ,NYM,SP,56.34000015,164.772,-2.342056333,-1.156660983,6.501887443,5.012461831,-4.486521931,3.529110026,10.53333333,15.06244336,Freddy Peralta,18679,642547
Blake Snell ,LAD,SP,173.2400055,122.06,2.654321284,-1.942568713,3.681747472,3.527995607,-4.486521931,3.434973719,10.53333333,14.96830705,Blake Snell,13543,605483
Chase Burns ,CIN,SP,107.8799973,124.704,0.633949507,0.90834432,3.449916022,2.796882391,-4.354689191,3.434403049,10.53333333,14.96773638,Chase Burns,35333,695505
Kyle Bradish ,BAL,SP,72.91000366,140.218,0.378549232,-0.249068961,3.800405195,3.778943306,-4.486521931,3.22230684,10.53333333,14.75564017,Kyle Bradish,24586,680694
Sonny Gray ,BOS,SP,137.8200073,167.845,-3.263836478,-0.74865773,5.976954127,5.691269571,-4.486521931,3.169207558,10.53333333,14.70254089,Sonny Gray,12768,543243
Abner Uribe ,MIL,RP,166.9900055,66.3462,3.432665055,-1.110934339,-2.416574335,-3.54164989,6.461990082,2.825496573,10.53333333,14.35882991,Abner Uribe,25327,682842
Tyler Glasnow ,LAD,SP,115.3600006,129.272,-0.731798235,0.24478578,3.783964729,3.872570074,-4.486521931,2.683000416,10.53333333,14.21633375,Tyler Glasnow,14374,607192
Josh Hader ,HOU,RP,123.9300003,48.271,2.123196978,2.924257239,-3.451093586,-3.54164989,3.585624124,1.640334864,10.53333333,13.1736682,Josh Hader,14212,623352
Shota Imanaga ,CHC,SP,159.8099976,154.412,-6.108039014,4.131361191,2.963475707,4.741159169,-4.486521931,1.241435122,10.53333333,12.77476846,Shota Imanaga,33829,684007
Garrett Cleavinger ,TBR,RP,504.3299866,61.7869,1.890625429,1.597980768,-2.599462195,-3.54164989,3.836844531,1.184338643,10.53333333,12.71767198,Garrett Cleavinger,17897,664076
Jeremiah Estrada ,SDP,RP,620.1300049,66.1381,1.869486917,0.754177517,-1.610698847,-3.54164989,3.711890471,1.183206167,10.53333333,12.7165395,Jeremiah Estrada,22210,669093
Gabe Speier ,SEA,RP,748.2399902,58.0072,1.872084635,3.188741824,-3.144959861,-3.54164989,2.414008276,0.788224984,10.53333333,12.32155832,Gabe Speier,17170,642100
Garrett Whitlock ,BOS,RP,627.6599731,63.9766,2.081636759,1.359238538,-2.95898357,-3.54164989,3.556735647,0.496977483,10.53333333,12.03031082,Garrett Whitlock,20191,676477
Jeff Hoffman ,TOR,RP,100.3799973,60.8579,0.48928803,0.790181694,-2.828967876,-3.54164989,5.309643208,0.218495166,10.53333333,11.7518285,Jeff Hoffman,17432,656546
Trevor Megill ,MIL,RP,139.9900055,62.2284,1.317567301,0.475606293,-2.656002952,-3.54164989,4.464760361,0.060281113,10.53333333,11.59361445,Trevor Megill,17722,656730
Raisel Iglesias ,ATL,RP,100.7900009,62.3021,0.023278686,1.295430369,-3.378301907,-3.54164989,5.598288558,-0.002954185,10.53333333,11.53037915,Raisel Iglesias,17130,628452
Kevin Gausman ,TOR,SP,113.3000031,178.417,-5.569690935,-1.758898796,5.765459061,5.981054884,-4.428713778,-0.010789563,10.53333333,11.52254377,Kevin Gausman,14107,592332
Luis Castillo ,SEA,SP,170.6600037,172.222,-5.045991276,-1.016795374,4.527326871,5.959399449,-4.486521931,-0.062582262,10.53333333,11.47075107,Luis Castillo,15689,622491
Eury Pérez ,MIA,SP,78.76999664,144.395,-4.320025905,1.17186775,4.583833049,2.864445689,-4.486521931,-0.186401348,10.53333333,11.34693198,Eury Perez,27768,691587
Emmet Sheehan ,LAD,SP,110.3199997,133.57,-4.125282511,1.844710734,3.813561923,2.260177286,-4.383079878,-0.589912446,10.53333333,10.94342089,Emmet Sheehan,29839,686218
Matt Brash ,SEA,RP,737.1400146,60.421,3.13290362,-0.802621374,-2.907105235,-3.54164989,3.305930088,-0.812542792,10.53333333,10.72079054,Matt Brash,25756,666374
Grant Taylor ,CHW,RP,508.0100098,80.088,1.802195288,-1.600743218,-0.882764771,-3.087148528,2.483750769,-1.284710459,10.53333333,10.24862287,Grant Taylor,33927,691799
Shane McClanahan ,TBR,SP,186.5200043,109.326,-0.450480795,0.225189154,0.84911162,2.511554523,-4.486521931,-1.35114743,10.53333333,10.1821859,Shane McClanahan,21483,663556
Ryan Helsley ,BAL,RP,85.5,62.5708,0.676021825,-1.132548665,-2.99263613,-3.54164989,5.6075537,-1.38325916,10.53333333,10.15007417,Ryan Helsley,18138,664854
Ranger Suarez ,BOS,SP,183.5800018,164.76,-0.765173608,-5.644704209,3.550613078,5.837735443,-4.486521931,-1.508051227,10.53333333,10.02528211,Ranger Suarez,17277,624133
Matt Strahm ,KCR,RP,717.4500122,62.7693,0.845031572,1.635848954,-3.170516417,-3.54164989,2.719083486,-1.512202295,10.53333333,10.02113104,Matt Strahm,13799,621381
Robert Suarez ,ATL,RP,213.7100067,65.3821,0.330082512,0.670820697,-3.179045941,-3.54164989,4.052658048,-1.667134575,10.53333333,9.866198759,Robert Suarez,30115,663158
Michael King ,SDP,SP,130.1000061,156.377,-1.691989555,-4.486699672,4.789261394,4.124299769,-4.486521931,-1.751649996,10.53333333,9.781683338,Michael King,19853,650633
Alex Vesia ,LAD,RP,745.5200195,60.8057,0.55126988,0.180287085,-2.576712314,-3.54164989,3.509542074,-1.877263164,10.53333333,9.656070169,Alex Vesia,25007,681911
Ryan Walker ,SFG,RP,146.7700043,61.0802,0.787352622,-0.899246713,-3.564629753,-3.54164989,5.196894306,-2.021279428,10.53333333,9.512053905,Ryan Walker,20423,676254
Pete Fairbanks ,MIA,RP,112.0899963,59.5091,0.718448135,-0.828990528,-3.791929732,-3.54164989,5.346131085,-2.09799093,10.53333333,9.435342403,Pete Fairbanks,17998,664126
Jose A. Ferrer ,SEA,RP,999,64.6646,1.916841211,0.669549274,-3.869767406,-3.54164989,2.634990618,-2.190036192,10.53333333,9.343297141,Jose A. Ferrer,24017,678606
Will Vest ,DET,RP,486.8299866,64.4547,2.111073912,-0.491668773,-3.424477884,-3.54164989,3.11196706,-2.234755576,10.53333333,9.298577758,Will Vest,19769,676684
Chris Martin ,TEX,RP,673.4899902,51.4919,0.950413115,1.210432959,-4.660738317,-3.54164989,3.624350116,-2.417192018,10.53333333,9.116141315,Chris Martin,11847,455119
Matthew Boyd ,CHC,SP,213.2100067,159.476,-4.542392135,-1.73892391,3.347067376,4.921984129,-4.486521931,-2.498786472,10.53333333,9.034546861,Matthew Boyd,15440,571510
Hunter Harvey ,CHC,RP,748.3200073,51.7601,1.685587164,1.506039758,-4.256543878,-3.54164989,1.861223511,-2.745343336,10.53333333,8.787989998,Hunter Harvey,15507,640451
Daniel Palencia ,CHC,RP,93.69999695,63.4732,-0.538604496,-2.137287852,-3.022174411,-3.54164989,6.252730308,-2.986986341,10.53333333,8.546346992,Daniel Palencia,27914,694037
Nick Lodolo ,CIN,SP,124.6399994,152.709,-6.65469176,-0.497067794,4.109440367,4.426174732,-4.486521931,-3.102666386,10.53333333,8.430666947,Nick Lodolo,26378,666157
Edwin Uceta ,TBR,RP,564.7399902,59.8416,-0.350613679,0.353043734,-2.948622632,-3.54164989,3.332631947,-3.15521052,10.53333333,8.378122814,Edwin Uceta,20539,670955
Jason Adam ,SDP,RP,999,52.0402,1.307174659,0.481710815,-4.245470864,-3.54164989,2.783071177,-3.215164104,10.53333333,8.318169229,Jason Adam,11861,592094
Spencer Strider ,ATL,SP,115.1299973,155.858,-5.515154051,-3.68960651,6.252962365,4.160487687,-4.486521931,-3.277832441,10.53333333,8.255500893,Spencer Strider,27498,675911
Dylan Lee ,ATL,RP,999,64.0839,0.348518577,1.128308939,-3.01856153,-3.54164989,1.628913733,-3.454470172,10.53333333,8.078863161,Dylan Lee,19996,669276
Nolan McLean ,NYM,SP,87.90000153,152.817,-1.087591792,-6.193722617,3.752276137,4.261624783,-4.486521931,-3.753935422,10.53333333,7.779397912,Nolan McLean,33703,690997
Ryan Pepiot ,TBR,SP,123.6500015,167.039,-7.417864784,-2.301923073,5.43013733,4.811135654,-4.486521931,-3.965036805,10.53333333,7.568296528,Ryan Pepiot,26221,686752
Tanner Scott ,LAD,RP,712.2199707,63.28,0.677949584,-1.645669425,-2.946509461,-3.54164989,3.434520665,-4.021358528,10.53333333,7.511974806,Tanner Scott,17586,656945
Adrian Morejon ,SDP,RP,734.6699829,64.5843,1.590897915,-0.345980457,-3.508403409,-3.54164989,1.632622999,-4.172512843,10.53333333,7.360820491,Adrian Morejon,20039,670970
Phil Maton ,CHC,RP,740.0599976,62.19,-0.450645834,-0.62298577,-3.282933243,-3.54164989,3.717350885,-4.180863853,10.53333333,7.35246948,Phil Maton,18064,664208
Emilio Pagán ,CIN,RP,112.6299973,64.6577,-3.046943535,-0.392558318,-2.983950359,-3.54164989,5.736219905,-4.228882198,10.53333333,7.304451136,Emilio Pagan,14771,641941
Robert Garcia ,TEX,RP,232.4600067,61.1682,-0.064221315,-1.424382501,-3.382078079,-3.54164989,4.105673139,-4.306658646,10.53333333,7.226674687,Robert Garcia,23363,676395
Bryan King ,HOU,RP,748.25,63.3135,0.16838602,0.217743706,-3.63566878,-3.54164989,2.204993543,-4.586195402,10.53333333,6.947137931,Bryan King,25890,687911
Hunter Gaddis ,CLE,RP,999,62.0682,-1.210292111,-0.418121926,-3.853447646,-3.465021974,4.29438781,-4.652495847,10.53333333,6.880837487,Hunter Gaddis,25636,683769
Hunter Greene ,CIN,SP,403.0700073,66.3599,-0.396074946,1.875784883,-2.274971422,0.190391084,-4.486521931,-5.091392333,10.53333333,6.441941001,Hunter Greene,22182,668881
Tyler Holton ,DET,SP/RP,999,67.5749,0.28143082,1.357711543,-4.164160868,-3.54164989,0.84419725,-5.222471145,10.53333333,6.310862188,Tyler Holton,26231,663947
Fernando Cruz ,NYY,RP,999,58.0183,-0.116743012,-1.558926554,-2.383836201,-3.54164989,2.377251719,-5.223903939,10.53333333,6.309429395,Fernando Cruz,7048,518585
Kris Bubic ,KCR,SP,191.6900024,137.905,-1.787592176,-5.20861399,2.331851616,3.620832473,-4.306521842,-5.350043918,10.53333333,6.183289416,Kris Bubic,21455,663460
Tyler Rogers ,TOR,RP,745.4000244,66.1853,-0.389717969,-0.324652762,-5.105534126,-3.54164989,3.995604643,-5.365950104,10.53333333,6.167383229,Tyler Rogers,15541,643511
Andrew Kittredge ,BAL,RP,745.4000244,56.985,-0.52627276,0.196990539,-4.156448756,-3.54164989,2.653529497,-5.373851371,10.53333333,6.159481962,Andrew Kittredge,12828,552640
JoJo Romero ,STL,RP,468.8399963,61.2218,0.470155049,-3.574763319,-4.08844725,-3.54164989,5.325366907,-5.409338505,10.53333333,6.123994829,JoJo Romero,19574,668941
A.J. Minter ,NYM,RP,999,46.5124,1.144265782,0.109492398,-4.583384432,-3.54164989,1.316692436,-5.554583707,10.53333333,5.978749627,A.J. Minter,18655,621345
Shane Bieber ,TOR,SP,456.9299927,93.3251,-0.798049521,0.230533223,-1.57770073,0.964364221,-4.403536361,-5.584389167,10.53333333,5.948944166,Shane Bieber,19427,669456
Jared Koenig ,MIL,RP,748.2700195,62.1544,0.820447074,-1.367975541,-3.628494567,-3.54164989,2.071207623,-5.646465301,10.53333333,5.886868032,Jared Koenig,27517,657649
Luke Weaver ,NYM,RP,731.9799805,65.5738,-2.105857974,-0.477676264,-2.995983905,-3.452037513,3.361968079,-5.669587577,10.53333333,5.863745756,Luke Weaver,16918,596133
Orion Kerkering ,PHI,RP,999,62.3104,0.929905955,-1.076799433,-3.329566433,-3.54164989,1.295497893,-5.722611908,10.53333333,5.810721425,Orion Kerkering,31776,689147
Spencer Schwellenbach ,ATL,SP,742.5100098,62.7698,0.130215405,2.115399136,-3.807961012,0.302599983,-4.486521931,-5.746268419,10.53333333,5.787064914,Spencer Schwellenbach,31846,680885
Tanner Bibee ,CLE,SP,187.9299927,174.513,-6.874167953,-4.031052036,4.825102046,4.786697445,-4.486521931,-5.779942429,10.53333333,5.753390904,Tanner Bibee,30134,676440
Caleb Thielbar ,CHC,RP,999,59.2484,-0.661339278,-0.073462918,-3.795636425,-3.54164989,2.183325874,-5.888762637,10.53333333,5.644570696,Caleb Thielbar,10078,573204
MacKenzie Gore ,TEX,SP,165.2299957,158.235,-4.944104002,-7.289433742,6.042609693,4.673428536,-4.486521931,-6.004021448,10.53333333,5.529311886,MacKenzie Gore,22201,669022
Gerrit Cole ,NYY,SP,235.3399963,112.68,-4.04380417,-0.803258944,0.671409352,2.471285335,-4.486521931,-6.190890358,10.53333333,5.342442975,Gerrit Cole,13125,543037
Joe Musgrove ,SDP,SP,355.7900085,120.559,-4.405734124,-1.188090585,0.724360922,2.911705411,-4.486521931,-6.444280309,10.53333333,5.089053025,Joe Musgrove,12970,605397
Carlos Rodón ,NYY,SP,201.4400024,139.92,-6.394111277,-2.980848296,3.528373559,3.781766925,-4.486521931,-6.55134102,10.53333333,4.981992313,Carlos Rodon,16137,607074
José Alvarado ,PHI,RP,748.3800049,56.2151,0.766072731,-1.620824889,-3.586194657,-3.54164989,1.283052091,-6.699544615,10.53333333,4.833788718,Jose Alvarado,17780,621237
Justin Steele ,CHC,SP,598.5700073,72.7358,-0.06499767,0.116394642,-3.149571055,0.59599157,-4.427277591,-6.929460104,10.53333333,4.60387323,Justin Steele,17312,657006
Louis Varland ,TOR,RP,748.3800049,64.0876,-0.995091468,-1.200316344,-3.515978805,-3.367925875,2.123966731,-6.955345761,10.53333333,4.577987572,Louis Varland,27691,686973
Kenley Jansen ,DET,RP,133.6600037,56.0065,-2.085293336,-0.766775851,-4.132990963,-3.54164989,3.535415814,-6.991294226,10.53333333,4.542039107,Kenley Jansen,3096,445276
Shawn Armstrong ,CLE,RP,748.25,65.7582,-1.236890692,-0.449586362,-3.440832542,-3.54164989,1.654921418,-7.014038068,10.53333333,4.519295265,Shawn Armstrong,12857,542888
Lucas Erceg ,KCR,RP,507.3999939,62.4801,-0.602240083,-2.767983115,-3.875685564,-3.54164989,3.749982302,-7.037576349,10.53333333,4.495756984,Lucas Erceg,19360,668674
Jack Flaherty ,DET,SP,210.2700043,159.068,-7.369888871,-5.716571946,5.800597884,4.610860923,-4.486521931,-7.161523941,10.53333333,4.371809392,Jack Flaherty,17479,656427
Bryan Baker ,TBR,RP,999,62.4052,-1.702606039,-0.579344275,-3.152421274,-3.54164989,1.738002973,-7.238018506,10.53333333,4.295314828,Bryan Baker,19804,641329
Dennis Santana ,PIT,RP,149.3999939,64.6324,-2.194992095,-2.694901344,-3.88533891,-3.54164989,5.012326145,-7.304556095,10.53333333,4.228777239,Dennis Santana,17878,642701
Yimi García ,TOR,RP,999,51.15,-0.795245576,-0.341703478,-4.195325009,-3.54164989,1.047878358,-7.826045595,10.53333333,3.707287738,Yimi Garcia,12095,554340
Sean Manaea ,NYM,SP,393.4100037,125.528,-6.993835426,-0.465298153,2.154367069,1.790197485,-4.357621125,-7.872190149,10.53333333,3.661143184,Sean Manaea,15873,640455
Seranthony Domínguez ,CHW,RP,195.25,59.3227,-1.877408876,-3.711523067,-3.51252153,-3.54164989,4.721579859,-7.921523504,10.53333333,3.611809829,Seranthony Dominguez,19249,622554
Brooks Raley ,NYM,RP,999,53.9545,-0.718773089,-0.482377522,-4.479134689,-3.54164989,1.247400889,-7.974534301,10.53333333,3.558799033,Brooks Raley,10061,548384
Trey Yesavage ,TOR,SP,189.4199982,108.277,-2.29483331,-3.860579528,1.260679744,1.24568724,-4.383815099,-8.032860953,10.53333333,3.50047238,Trey Yesavage,35456,702056
Kevin Ginkel ,ARI,RP,537.0700073,57.6459,-1.952490071,-2.423502978,-3.963139444,-3.54164989,3.78440828,-8.096374103,10.53333333,3.43695923,Kevin Ginkel,19876,656464
Eduard Bazardo ,SEA,RP,999,62.7138,-0.667292492,-0.091501048,-3.571067558,-3.54164989,-0.494379682,-8.36589067,10.53333333,3.167442663,Eduard Bazardo,20997,660825
Drew Pomeranz ,LAA,RP,739.789978,55.052,-1.031543904,-0.930493544,-3.901216185,-3.319645424,0.688651079,-8.494247978,10.53333333,3.039085355,Drew Pomeranz,11426,519141
Camilo Doval ,NYY,RP,672.6599731,61.5448,-0.069905674,-4.145854764,-3.155672355,-3.54164989,2.214571861,-8.698510822,10.53333333,2.834822512,Camilo Doval,21992,666808
Riley O'Brien ,STL,RP,262.7399902,62.2194,-0.927790485,-4.825186615,-3.633160511,-3.54164989,4.200611996,-8.727175506,10.53333333,2.806157828,Riley O'Brien,20348,676617
Ben Joyce ,LAA,RP,737.5700073,44.3663,-0.291720366,-1.905642836,-4.828847752,-3.54164989,1.76981463,-8.798046214,10.53333333,2.73528712,Ben Joyce,31461,690829
Carlos Estévez ,KCR,RP,119.0500031,62.4979,-3.788614505,-2.812065374,-4.158094147,-3.54164989,5.47618899,-8.824234927,10.53333333,2.709098406,Carlos Estevez,14542,608032
Kirby Yates ,LAA,RP,268.6199951,56.0576,-2.232487964,-2.690786851,-3.353743024,-3.54164989,2.867287423,-8.951380307,10.53333333,2.581953027,Kirby Yates,9073,489446
Brad Keller ,PHI,RP,745.460022,64.5391,-1.198549145,-3.426944308,-3.883459149,-3.33357319,2.802502486,-9.040023306,10.53333333,2.493310028,Brad Keller,15734,641745
Edward Cabrera ,CHC,SP,174.9600067,135.236,-5.240968331,-5.196885976,3.207144754,2.57754724,-4.486521931,-9.139684244,10.53333333,2.393649089,Edward Cabrera,21690,665795
Aaron Nola ,PHI,SP,207.3300018,164.522,-9.724635198,-4.793365495,4.693122384,4.974153892,-4.486521931,-9.33724635,10.53333333,2.196086984,Aaron Nola,16149,605400
Cade Horton ,CHC,SP,179.8300018,127.873,-3.974657156,-3.157559587,0.365161004,1.815080056,-4.486521931,-9.438497615,10.53333333,2.094835718,Cade Horton,31872,690990
Jordan Leasure ,CHW,RP,711.5,61.6313,-3.069966657,-2.595135478,-3.129399883,-3.54164989,2.837066471,-9.499085437,10.53333333,2.034247896,Jordan Leasure,29950,673929
Matt Svanson ,STL,RP,552.8699951,63.7533,-0.255872414,-3.23179482,-3.896987603,-3.54164989,1.42606871,-9.500236017,10.53333333,2.033097316,Matt Svanson,29629,694335
Gregory Soto ,PIT,RP,732.1500244,59.1729,-1.356766304,-3.657386844,-3.599853102,-3.54164989,2.579185977,-9.576470164,10.53333333,1.95686317,Gregory Soto,19677,642397
Merrill Kelly ,ARI,SP,282.7799988,158.21,-7.680433741,-5.490459089,3.067967505,4.925021859,-4.486521931,-9.664425398,10.53333333,1.868907936,Merrill Kelly,11156,518876
Steven Okert ,HOU,RP,999,61.9272,-2.306215162,-0.393896838,-3.124335317,-3.54164989,-0.450927274,-9.817024483,10.53333333,1.716308851,Steven Okert,13580,595345
Cole Sands ,MIN,RP,731.3499756,66.0205,-2.648563538,-1.679525665,-3.501822484,-3.54164989,1.537933501,-9.833628077,10.53333333,1.699705256,Cole Sands,21461,663485
Kyle Finnegan ,DET,RP,637.8200073,62.0995,-1.84893519,-2.562756197,-3.988647012,-3.54164989,2.102591774,-9.839396515,10.53333333,1.693936818,Kyle Finnegan,15009,640448
Cam Schlittler ,NYY,SP,118.3000031,131.735,-3.990365449,-6.441624209,2.107887565,2.895878384,-4.486521931,-9.91474564,10.53333333,1.618587693,Cam Schlittler,32095,693645
Clayton Beeter ,WSN,RP,309.7799988,63.0877,-2.202085458,-5.598936388,-2.928571846,-3.54164989,4.170075442,-10.10116814,10.53333333,1.432165193,Clayton Beeter,27494,690925
Erik Sabrowski ,CLE,RP,999,58.7647,-0.710355932,-4.972400181,-3.029963686,-3.54164989,1.94834188,-10.30602781,10.53333333,1.227305525,Erik Sabrowski,24978,681870
Ian Seymour ,TBR,SP,497.3999939,107.575,-5.293869817,-1.810058348,-0.141595204,0.521384705,-3.633622234,-10.3577609,10.53333333,1.175572436,Ian Seymour,27932,693855
Taylor Rogers ,MIN,RP,420.3399963,57.4265,-2.57267231,-4.121696893,-3.969160378,-3.54164989,3.821769464,-10.38341001,10.53333333,1.149923325,Taylor Rogers,13449,573124
Ben Brown ,CHC,SP/RP,734.8499756,61.4548,-1.011977671,-0.476377654,-3.195114361,-2.399363394,-3.375145714,-10.45797879,10.53333333,1.07535454,Ben Brown,23590,676962
José Soriano ,LAA,SP,324.8699951,170.877,-2.469435648,-13.45096755,4.406135904,5.467455894,-4.486521931,-10.53333333,10.53333333,1,Jose Soriano,22100,667755
Cody Ponce ,TOR,SP,252.8200073,136.559,-6.353428584,-5.728018386,2.786061599,2.813283891,-4.157614289,-10.63971577,10.53333333,0.893617565,Cody Ponce,17920,664074
Ryan Thompson ,ARI,RP,999,61.2407,-2.298858433,-3.58276494,-4.682676869,-3.54164989,3.336125489,-10.76982464,10.53333333,0.763508691,Ryan Thompson,16647,657044
Bryce Miller ,SEA,SP,333.269989,140.917,-8.531818128,-2.024255511,1.691042278,2.51715894,-4.486521931,-10.83439435,10.53333333,0.698938981,Bryce Miller,29837,682243
Justin Sterner ,ATH,RP,528.9500122,65.2638,-4.279563717,-2.984976731,-3.429131341,-3.54164989,3.365940307,-10.86938137,10.53333333,0.66395196,Justin Sterner,27694,686993
Grayson Rodriguez ,LAA,SP,369.8800049,96.7937,-3.748029588,-3.956182505,-0.340463115,1.651799615,-4.486521931,-10.87939752,10.53333333,0.653935809,Grayson Rodriguez,24492,680570
Bennett Sousa ,HOU,RP,999,43.5674,0.036479996,-0.23338128,-4.961855183,-3.54164989,-2.281873249,-10.98227961,10.53333333,0.551053727,Bennett Sousa,21345,656986
Braxton Garrett ,MIA,SP,585.5800171,100.393,-4.280942816,-2.023700966,-1.368827917,0.868042629,-4.283849337,-11.08927841,10.53333333,0.444054925,Braxton Garrett,21844,666129
Anthony Bender ,MIA,RP,999,59.6333,-1.634462573,-3.504983271,-4.221808798,-3.54164989,1.739648644,-11.16325589,10.53333333,0.370077445,Anthony Bender,19742,669622
Jacob Misiorowski ,MIL,SP,115.6600037,138.955,-6.667687361,-7.053743608,4.283367104,2.626499421,-4.376705022,-11.18826947,10.53333333,0.345063867,Jacob Misiorowski,31623,694819
Ryan Weathers ,NYY,SP,231.5800018,122.085,-4.891854738,-4.542498339,0.970645176,1.616857818,-4.374436861,-11.22128694,10.53333333,0.312046389,Ryan Weathers,23796,677960
Jared Jones ,PIT,SP,711.6099854,81.9905,-3.344548558,-2.565198084,-1.788655336,0.774342405,-4.328755843,-11.25281542,10.53333333,0.280517918,Jared Jones,27863,683003
Tanner Banks ,PHI,RP,999,58.2627,-1.80626668,-0.737756605,-4.320572302,-3.54164989,-0.871988354,-11.27823383,10.53333333,0.255099502,Tanner Banks,16990,621383
Keegan Akin ,BAL,RP,999,64.5787,-2.723991826,-3.19241929,-3.436472367,-3.54164989,1.603431499,-11.29110187,10.53333333,0.242231458,Keegan Akin,19362,669211
Shane Baz ,BAL,SP,188.7400055,156.842,-9.073555459,-6.287881154,4.084780308,4.433333919,-4.486521931,-11.32984432,10.53333333,0.203489015,Shane Baz,22264,669358
Andrew Nardi ,MIA,RP,999,50.4709,-0.962475171,-1.273972155,-3.814596047,-3.54164989,-1.740216243,-11.33290951,10.53333333,0.200423827,Andrew Nardi,25942,677053
Logan Henderson ,MIL,SP,375.230011,83.6038,-4.103090914,-1.076780024,-1.860582536,0.050546487,-4.350587365,-11.34049435,10.53333333,0.192838982,Logan Henderson,31475,701656
Erik Miller ,SFG,RP,999,58.3573,0.651256176,-5.687447073,-3.643402664,-3.54164989,0.755576381,-11.46566707,10.53333333,0.067666263,Erik Miller,26252,669062
Justin Slaten ,BOS,RP,999,59.8531,-2.384336415,-2.122280875,-4.231516895,-3.54164989,0.697700102,-11.58208397,10.53333333,-0.048750641,Justin Slaten,25648,686580
Angel Zerpa ,MIL,RP,999,58.7793,-0.548094237,-2.724117287,-4.342643407,-3.54164989,-0.425675068,-11.58217989,10.53333333,-0.048846556,Angel Zerpa,22717,672582
Braydon Fisher ,TOR,RP,999,48.8429,-0.534627451,-1.463929827,-4.3157293,-3.54164989,-1.822156975,-11.67809344,10.53333333,-0.14476011,Braydon Fisher,24609,680755
Yennier Cano ,BAL,RP,999,56.42,-1.370238955,-3.970262354,-4.505779847,-3.54164989,1.59528847,-11.79264258,10.53333333,-0.259309243,Yennier Cano,25911,666974
Jack Dreyer ,LAD,SP/RP,999,48.1367,-1.237365003,-1.048446375,-4.956603955,-3.54164989,-1.022505028,-11.80657025,10.53333333,-0.273236918,Jack Dreyer,30249,676263
Brendon Little ,TOR,RP,748.3099976,51.234,0.426316038,-5.256371926,-4.302650376,-3.54164989,0.858768041,-11.81558811,10.53333333,-0.282254779,Brendon Little,21574,663893
Mark Leiter Jr. ,ATH,RP,725.9899902,60.864,-3.506880309,-4.166746956,-3.429390685,-3.54164989,2.780553579,-11.86411426,10.53333333,-0.330780927,Mark Leiter Jr.,15551,643410
Tony Santillan ,CIN,RP,712.5800171,65.5078,-3.771232273,-5.197936544,-3.16983636,-3.54164989,3.697464508,-11.98319056,10.53333333,-0.449857226,Tony Santillan,19926,663574
Reynaldo López ,ATL,SP,298.8900146,130.311,-4.654185348,-7.343884257,1.855995084,2.41811683,-4.311014012,-12.0349717,10.53333333,-0.50163837,Reynaldo Lopez,16400,625643
Andrew Abbott ,CIN,SP,221.3999939,164.614,-8.781435639,-6.572198388,3.723043946,4.008280367,-4.486521931,-12.10883165,10.53333333,-0.575498312,Andrew Abbott,29911,671096
Aaron Ashby ,MIL,RP,999,72.6859,0.047707813,-5.893105898,-2.641258785,-3.417156748,-0.223535012,-12.12734863,10.53333333,-0.594015297,Aaron Ashby,23550,676879
Blake Treinen ,LAD,RP,999,53.4445,-1.720598595,-3.303419054,-4.031639785,-3.54164989,0.371515144,-12.22579218,10.53333333,-0.692458847,Blake Treinen,12572,595014
Danny Coulombe ,BOS,RP,999,47.8897,-0.748612948,-1.965686783,-5.018911746,-3.54164989,-1.040000822,-12.31486219,10.53333333,-0.781528857,Danny Coulombe,13293,543056
Paul Sewald ,ARI,RP,416.3399963,53.0027,-4.9602637,-1.72940533,-4.450499948,-3.54164989,2.349899691,-12.33191918,10.53333333,-0.798585845,Paul Sewald,13892,623149
Gavin Williams ,CLE,SP,144.2700043,163.007,-6.057532763,-11.15939265,5.025775117,4.336645704,-4.486521931,-12.34102652,10.53333333,-0.807693191,Gavin Williams,30122,668909
Shane Smith ,CHW,SP,247.1300049,157.119,-8.437076195,-6.740901423,4.017760787,3.286222366,-4.486521931,-12.3605164,10.53333333,-0.827183063,Shane Smith,31687,681343
Aaron Bummer ,ATL,RP,999,59.7987,-0.396080129,-3.262612445,-3.810718379,-3.54164989,-1.41832401,-12.42938485,10.53333333,-0.896051521,Aaron Bummer,16258,607481
Tyler Wells ,BAL,RP,748.25,68.2538,-4.901629471,0.209816206,-3.700922524,-1.273931817,-2.78878002,-12.45544763,10.53333333,-0.922114293,Tyler Wells,20000,669330
Brant Hurter ,DET,RP,999,49.7346,-0.015679381,-1.471748375,-5.151064945,-3.54164989,-2.33467341,-12.514816,10.53333333,-0.981482667,Brant Hurter,30133,676428
Corbin Burnes ,ARI,SP,739.7700195,35.34,0.170229493,-0.716517963,-6.063042081,-1.424671329,-4.486521931,-12.52052381,10.53333333,-0.987190478,Corbin Burnes,19361,669203
Zebby Matthews ,MIN,SP,446.7399902,105.274,-5.453145037,-3.087341976,-0.1828968,0.491078559,-4.375281216,-12.60758647,10.53333333,-1.074253137,Zebby Matthews,31827,805673
Hoby Milner ,CHC,RP,999,60.2317,-1.747546637,-2.69213169,-4.621113169,-3.54164989,-0.027261248,-12.62970264,10.53333333,-1.096369302,Hoby Milner,13346,571948
Kodai Senga ,NYM,SP,227.25,134.734,-4.614841751,-8.5313699,2.848813797,2.016636483,-4.375669794,-12.65643116,10.53333333,-1.123097831,Kodai Senga,31838,673540
Trevor Rogers ,BAL,SP,147.1499939,151.873,-6.669276067,-7.801111129,2.187271055,4.089758193,-4.486521931,-12.67987988,10.53333333,-1.146546546,Trevor Rogers,22286,669432
Tommy Nance ,TOR,RP,999,53.4348,-0.85353191,-1.706972316,-4.681545682,-3.54164989,-1.908848174,-12.69254797,10.53333333,-1.15921464,Tommy Nance,19178,667297
John Schreiber ,KCR,RP,999,61.2805,-3.119478677,-3.777084387,-4.165307423,-3.54164989,1.772578905,-12.83094147,10.53333333,-1.297608138,John Schreiber,20020,670167
Brusdar Graterol ,LAD,RP,999,37.0077,0.546745568,-0.075695215,-6.29878978,-3.54164989,-3.477728251,-12.84711757,10.53333333,-1.313784234,Brusdar Graterol,20367,660813
Braxton Ashcraft ,PIT,SP,240.6199951,133.301,-3.262733244,-7.825890483,1.17264058,0.919185651,-4.002063395,-12.99886089,10.53333333,-1.465527558,Braxton Ashcraft,23793,677952
Drew Anderson ,DET,RP,999,74.2332,-2.505042261,-4.273515681,-1.823536736,-1.685362853,-2.935420045,-13.22287758,10.53333333,-1.689544244,Drew Anderson,15130,623454
Kody Funderburk ,MIN,RP,748.2999878,60.7854,-1.57899675,-5.072406964,-4.052515348,-3.54164989,0.975166551,-13.2704024,10.53333333,-1.737069068,Kody Funderburk,24993,681892
Justin Topa ,MIN,RP,999,61.5281,-2.503931374,-4.237166719,-4.612315016,-3.54164989,1.592269672,-13.30279333,10.53333333,-1.769459994,Justin Topa,15145,623437
Connelly Early ,BOS,SP,273.7000122,46.1161,-0.581828454,-1.862471939,-4.964498247,-1.761853394,-4.221341098,-13.39199313,10.53333333,-1.858659798,Connelly Early,33666,813349
Bailey Ober ,MIN,SP,471.4100037,157.999,-13.80421132,-2.439429216,3.120348518,4.183453477,-4.486521931,-13.42636047,10.53333333,-1.89302714,Bailey Ober,21224,641927
Tyler Kinley ,ATL,RP,999,59.2931,-3.408576278,-3.131055618,-3.647740107,-3.54164989,0.29233989,-13.436682,10.53333333,-1.903348669,Tyler Kinley,18297,641755
Parker Messick ,CLE,SP,297.5799866,123.161,-5.108014738,-7.049590138,0.486545358,2.611930704,-4.411284991,-13.47041381,10.53333333,-1.937080472,Parker Messick,31986,800048
Jakob Junis ,TEX,RP,999,60.715,-2.544893293,-0.882117537,-4.488993589,-3.390128238,-2.178499879,-13.48463254,10.53333333,-1.951299203,Jakob Junis,13619,596001
Graham Ashcraft ,CIN,RP,999,61.4198,-2.583532834,-4.589569924,-4.375757749,-3.409261764,1.343762438,-13.61435983,10.53333333,-2.0810265,Graham Ashcraft,27552,668933
Casey Mize ,DET,SP,285.5100098,145.804,-7.906120898,-6.100726934,1.765074964,3.100327935,-4.486521931,-13.62796686,10.53333333,-2.094633531,Casey Mize,20492,663554
Matt Festa ,CLE,RP,999,57.6481,-3.648101664,-2.289674686,-4.192880455,-3.54164989,-0.116438156,-13.78874485,10.53333333,-2.255411519,Matt Festa,19330,670036
Joey Cantillo ,CLE,SP,271.2799988,129.192,-3.939424694,-9.042874556,2.446763265,0.973127917,-4.248030751,-13.81043882,10.53333333,-2.277105485,Joey Cantillo,23335,676282
Tyler Mahle ,SFG,SP,325.2799988,129.709,-5.457143872,-6.429901798,0.11021147,2.362239997,-4.486521931,-13.90111613,10.53333333,-2.367782801,Tyler Mahle,16358,641816
Troy Melton ,DET,RP,742.5599976,50.3491,-1.53662825,-1.615092394,-5.108945936,-1.937471688,-3.704860523,-13.90299879,10.53333333,-2.369665457,Troy Melton,31807,675512
Zac Gallen ,ARI,SP,222.7700043,175.505,-11.01822237,-8.799818108,5.049174958,5.270469237,-4.486521931,-13.98491822,10.53333333,-2.451584885,Zac Gallen,19291,668678
Brent Headrick ,NYY,RP,999,47.6054,-1.803337216,-1.24495317,-4.76325462,-3.54164989,-2.642391828,-13.99558673,10.53333333,-2.462253392,Brent Headrick,27702,687396
Tim Herrin ,CLE,RP,999,52.0242,-1.193162428,-4.518611666,-4.436319934,-3.54164989,-0.355190586,-14.0449345,10.53333333,-2.511601171,Tim Herrin,25139,682120
Calvin Faucher ,MIA,RP,999,62.9195,-3.011546392,-5.802116718,-3.699016188,-3.54164989,1.997351937,-14.05697725,10.53333333,-2.523643918,Calvin Faucher,20116,676534
Cody Bradford ,TEX,RP,999,61.9642,-4.112482804,-0.076206735,-4.345228519,-1.348382381,-4.176162581,-14.05846302,10.53333333,-2.525129688,Cody Bradford,27597,674003
Sandy Alcantara ,MIA,SP,145.1699982,176.905,-10.35392241,-7.833581237,3.567921865,4.981313737,-4.486521931,-14.12478998,10.53333333,-2.591456644,Sandy Alcantara,18684,645261
Mike Burrows ,HOU,SP,240.8500061,129.892,-7.070060534,-5.851063927,1.653753144,1.475655104,-4.381514911,-14.17323112,10.53333333,-2.639897792,Mike Burrows,24728,681347
Jordan Romano ,LAA,RP,712.460022,57.2454,-4.946060483,-3.235467374,-3.84984373,-3.54164989,1.389010667,-14.18401081,10.53333333,-2.650677476,Jordan Romano,16122,605447
Pierce Johnson ,CIN,RP,999,58.3915,-3.562863676,-3.927886689,-3.59779084,-3.54164989,0.207766286,-14.42242481,10.53333333,-2.889091476,Pierce Johnson,13435,572955
José Buttó ,SFG,RP,999,61.7914,-2.358250119,-4.886905567,-4.151486327,-3.371068168,0.293641176,-14.47406901,10.53333333,-2.940735672,Jose Butto,23313,676130
Kevin Kelly ,TBR,RP,999,37.3531,-1.285778726,-0.244356151,-6.183791843,-3.54164989,-3.307993853,-14.56357046,10.53333333,-3.030237131,Kevin Kelly,25679,687330
Robert Gasser ,MIL,RP,748.3699951,66.6074,-2.826499013,-2.369711288,-3.824409162,-1.755036784,-3.842440978,-14.61809722,10.53333333,-3.084763891,Robert Gasser,29812,688107
Mason Montgomery ,PIT,RP,999,59.2043,-2.308357536,-5.115486149,-3.577546667,-3.54164989,-0.081823582,-14.62486383,10.53333333,-3.091530492,Mason Montgomery,29770,682254
Robbie Ray ,SFG,SP,167.3200073,169.965,-11.19147833,-9.562021982,5.845844066,4.76773848,-4.486521931,-14.6264397,10.53333333,-3.093106363,Robbie Ray,11486,592662
Jonathan Loáisiga ,ARI,RP,999,51.3159,-1.359933624,-3.734550271,-5.285914677,-3.54164989,-0.738487162,-14.66053562,10.53333333,-3.127202291,Jonathan Loaisiga,19753,642528
Kutter Crawford ,BOS,RP,999,68.8955,-5.006176413,-0.752151238,-3.26694935,-1.740012341,-4.08608379,-14.85137313,10.53333333,-3.318039799,Kutter Crawford,20531,676710
Greg Weissert ,BOS,RP,999,61.6007,-3.44529363,-4.180700129,-4.314389998,-3.54164989,0.612014636,-14.87001901,10.53333333,-3.336685678,Greg Weissert,20375,669711
Nick Mears ,KCR,RP,999,58.3083,-3.793522021,-3.505639229,-4.158706326,-3.54164989,0.117679475,-14.88183799,10.53333333,-3.348504659,Nick Mears,25376,683232
Mason Englert ,TBR,RP,999,60.5822,-3.28223539,-2.230561916,-4.232171338,-3.54164989,-1.637760012,-14.92437855,10.53333333,-3.391045212,Mason Englert,22288,669438
Foster Griffin ,WSN,SP,999,129.878,-7.554810948,-6.883902377,0.984293696,2.913544123,-4.387349748,-14.92822525,10.53333333,-3.39489192,Foster Griffin,16432,656492
Luis García ,NYM,RP,999,56.0875,-1.867761699,-4.328660576,-4.685411504,-3.54164989,-0.5833563,-15.00683997,10.53333333,-3.473506635,Luis Garcia,6984,472610
Brenan Hanifee ,DET,RP,999,55.1859,-1.741091948,-3.255489336,-5.461904636,-3.54164989,-1.058740496,-15.05887631,10.53333333,-3.525542973,Brenan Hanifee,22304,669724
Joel Payamps ,ATL,RP,999,51.6622,-3.234579067,-2.422803191,-4.918170187,-3.54164989,-1.068174001,-15.18537634,10.53333333,-3.652043002,Joel Payamps,14332,606303
Jake Bird ,NYY,RP,999,52.4863,-2.40840722,-3.830580929,-4.43943526,-3.54164989,-1.131342159,-15.35141546,10.53333333,-3.818082125,Jake Bird,21267,656234
PJ Poulin ,WSN,RP,999,58.0629,-2.32212106,-5.332431232,-4.2169008,-3.54164989,0.058766799,-15.35433618,10.53333333,-3.82100285,PJ Poulin,23394,676571
Sawyer Gipson-Long ,DET,RP,999,35.6263,-2.041794954,-0.46261517,-6.205048417,-2.983749111,-3.672249689,-15.36545734,10.53333333,-3.832124008,Sawyer Gipson-Long,26048,687830
Hogan Harris ,ATH,RP,631.4199829,62.5296,-4.233097214,-6.791237536,-3.87288081,-3.420650739,2.941965313,-15.37590099,10.53333333,-3.842567652,Hogan Harris,21520,663687
Luis Garcia ,,RP,999,47.5664,-2.473075636,-2.961476322,-5.207430886,-3.386356275,-1.367766785,-15.3961059,10.53333333,-3.86277257,Luis Garcia,23735,677651
Jalen Beeks ,TEX,RP,999,53.4387,-2.380721013,-3.852392569,-4.917914365,-3.54164989,-0.720811121,-15.41348896,10.53333333,-3.880155626,Jalen Beeks,17192,656222
Cole Sulser ,TBR,RP,999,52.6437,-2.53230315,-2.238302906,-4.915715067,-3.54164989,-2.29644717,-15.52441818,10.53333333,-3.99108485,Cole Sulser,15256,642121
Ryne Nelson ,ARI,SP,253.5599976,157.221,-10.26737839,-7.114828314,1.99347027,4.210385246,-4.352210875,-15.53056207,10.53333333,-3.997228732,Ryne Nelson,26253,669194
Wandy Peralta ,SDP,RP,999,56.1184,-1.176589023,-4.345036143,-4.877613963,-3.54164989,-1.606261916,-15.54715094,10.53333333,-4.013817602,Wandy Peralta,14295,593974
Michael Soroka ,ARI,SP,712.289978,89.3914,-5.70611817,-3.987779844,-1.373497384,-1.096276346,-3.461059319,-15.62473106,10.53333333,-4.091397729,Michael Soroka,18383,647336
Carmen Mlodzinski ,PIT,SP,745.1500244,84.1446,-2.09953904,-5.042967734,-2.707817252,-2.288939927,-3.646993036,-15.78625699,10.53333333,-4.252923655,Carmen Mlodzinski,27572,669387
Tobias Myers ,NYM,SP/RP,999,63.2643,-2.639922823,-3.133807406,-4.356377094,-2.882351378,-2.775918798,-15.7883775,10.53333333,-4.255044166,Tobias Myers,22191,668964
Payton Tolle ,BOS,RP,663.4400024,47.5381,-2.787034774,-1.928095183,-4.872683552,-2.080406554,-4.181474697,-15.84969476,10.53333333,-4.316361426,Payton Tolle,35466,801139
Bubba Chandler ,PIT,SP,151.1000061,143.394,-8.46775551,-8.37622268,2.499648878,2.843995859,-4.373875226,-15.87420868,10.53333333,-4.340875346,Bubba Chandler,29868,696149
Huascar Brazobán ,NYM,RP,999,50.3488,-2.284549174,-3.729344802,-4.932925559,-3.54164989,-1.389473372,-15.8779428,10.53333333,-4.344609464,Huascar Brazoban,6107,623211
Brock Burke ,CIN,RP,999,59.5029,-3.917634332,-3.668353279,-4.349915275,-3.54164989,-0.447010643,-15.92456342,10.53333333,-4.391230086,Brock Burke,17968,656271
Alex Cobb ,,SP,999,42.8999,-1.590074411,-1.951652215,-6.067941755,-2.125829374,-4.260379202,-15.99587696,10.53333333,-4.462543624,Alex Cobb,6562,502171
Isaac Mattson ,PIT,RP,999,62.3975,-4.092055112,-5.27501416,-3.97351415,-3.54164989,0.885354053,-15.99687926,10.53333333,-4.463545926,Isaac Mattson,20385,676755
Jacob Webb ,CHC,RP,999,53.1984,-3.329079835,-2.860801965,-4.743271712,-3.54164989,-1.534542643,-16.00934605,10.53333333,-4.476012712,Jacob Webb,19274,657097
David Peterson ,NYM,SP,464.2000122,160.617,-5.718228234,-14.28023594,3.131284495,5.292994289,-4.486521931,-16.06070732,10.53333333,-4.527373987,David Peterson,20302,656849
Reid Detmers ,LAA,SP,342.7600098,136.675,-9.749326178,-7.853783066,3.593109576,2.236717396,-4.321898761,-16.09518103,10.53333333,-4.561847699,Reid Detmers,27468,672282
Jovani Morán ,BOS,RP,999,44.9422,-1.188915765,-3.855161112,-4.960848546,-3.54164989,-2.644066845,-16.19064216,10.53333333,-4.657308825,Jovani Moran,20422,663558
David Festa ,MIN,SP,999,48.2211,-3.061462908,-2.200717184,-4.769492315,-2.351712674,-3.846411156,-16.22979624,10.53333333,-4.696462904,David Festa,30056,701581
Josh Sborz ,TEX,RP,999,42.0278,-2.435338944,-2.521713546,-5.29790884,-3.54164989,-2.450673509,-16.24728473,10.53333333,-4.713951397,Josh Sborz,18323,622250
Mason Fluharty ,TOR,RP,999,39.3135,-1.637969342,-2.207146839,-5.522537901,-3.54164989,-3.342196792,-16.25150076,10.53333333,-4.71816743,Mason Fluharty,31553,689254
David Morgan ,SDP,RP,999,56.6389,-2.249115741,-4.371419293,-4.156169561,-3.54164989,-1.957617863,-16.27597235,10.53333333,-4.742639015,David Morgan,31616,688158
Steven Matz ,TBR,SP,723.3800049,119.246,-6.490139248,-5.848381612,-0.605332384,0.888951643,-4.259866423,-16.31476802,10.53333333,-4.78143469,Steven Matz,13361,571927
Jameson Taillon ,CHC,SP,499.3099976,145.518,-12.19987471,-4.144063869,0.576716262,3.909770569,-4.486521931,-16.34397368,10.53333333,-4.810640344,Jameson Taillon,11674,592791
Hunter Bigge ,TBR,RP,999,47.5378,-2.769676395,-2.964303433,-4.904553685,-3.54164989,-2.17871756,-16.35890096,10.53333333,-4.825567629,Hunter Bigge,26259,685801
Caleb Ferguson ,CIN,RP,999,48.7975,-2.738607689,-3.658657516,-5.013096365,-3.54164989,-1.420997659,-16.37300912,10.53333333,-4.839675787,Caleb Ferguson,19349,657571
Matt Gage ,SFG,RP,999,51.837,-1.806337596,-3.462828386,-5.161306778,-3.54164989,-2.457312402,-16.42943505,10.53333333,-4.896101719,Matt Gage,17381,657424
Hayden Harris ,ATL,RP,999,38.7951,-1.452812651,-2.45233416,-5.510496351,-3.54164989,-3.489251572,-16.44654462,10.53333333,-4.913211291,Hayden Harris,31913,802686
Ryne Stanek ,STL,RP,748.1400146,56.0347,-3.822828088,-5.509708589,-4.120901386,-3.54164989,0.512471599,-16.48261636,10.53333333,-4.949283022,Ryne Stanek,15947,592773
Brad Lord ,WSN,SP,999,94.74,-6.222475819,-6.146192731,-2.356742795,-0.240104819,-1.520910683,-16.48642685,10.53333333,-4.953093514,Brad Lord,31972,695418
Justin Lawrence ,PIT,RP,999,56.6768,-2.557344061,-5.897224093,-4.269545639,-3.54164989,-0.22780498,-16.49356866,10.53333333,-4.96023533,Justin Lawrence,17639,664875
Jacob Lopez ,ATH,SP,423,126.425,-9.372106538,-7.213778315,1.950903333,2.617135229,-4.486521931,-16.50436822,10.53333333,-4.97103489,Jacob Lopez,25098,682052
Adbert Alzolay ,NYM,RP,999,39.4458,-2.146756738,-1.253169261,-5.778825456,-3.54164989,-3.798950229,-16.51935158,10.53333333,-4.986018242,Adbert Alzolay,17859,640470
Ryan Borucki ,SFG,RP,999,35.6473,-1.112894581,-2.792509046,-6.069662068,-3.54164989,-3.195489247,-16.71220483,10.53333333,-5.178871499,Ryan Borucki,16350,621366
Josh White ,MIA,RP,999,39.4348,-1.564009079,-2.225877578,-5.474914402,-3.54164989,-3.926933316,-16.73338427,10.53333333,-5.200050932,Josh White,sa3019953,687985
Taylor Clarke ,ARI,RP,999,59.1208,-4.269200738,-2.823884145,-4.737372765,-3.54164989,-1.370439887,-16.74254742,10.53333333,-5.209214091,Taylor Clarke,17611,664199
Ryan Yarbrough ,NYY,SP/RP,999,58.8341,-4.239314414,-2.121124015,-4.910298627,-2.796463705,-2.683172449,-16.75037321,10.53333333,-5.217039876,Ryan Yarbrough,16502,642232
Scott Barlow ,ATH,RP,999,56.0764,-4.163787395,-6.393307529,-3.920702498,-3.54164989,1.249515034,-16.76993228,10.53333333,-5.236598946,Scott Barlow,14993,605130
Clay Holmes ,NYM,SP,335.8500061,150.433,-3.813377209,-12.95781757,1.547983199,2.683314387,-4.23912647,-16.77902366,10.53333333,-5.24569033,Clay Holmes,13649,605280
Justin Bruihl ,STL,RP,999,48.4718,-2.692163059,-3.90372213,-5.241526251,-3.54164989,-1.549765886,-16.92882722,10.53333333,-5.395493883,Justin Bruihl,23779,677865
Jonathan Bowlan ,PHI,RP,999,53.6148,-3.312056091,-3.230327799,-4.63165821,-3.54164989,-2.219333633,-16.93502562,10.53333333,-5.40169229,Jonathan Bowlan,24607,680742
Elvis Alvarado ,ATH,RP,748.3099976,60.1946,-3.844715532,-6.093378919,-3.711136821,-3.54164989,0.245308062,-16.9455731,10.53333333,-5.412239768,Elvis Alvarado,21662,665660
Michael McGreevy ,STL,SP,717.6599731,137.698,-7.713973237,-6.970842585,-1.009692675,3.114800467,-4.377258961,-16.95696699,10.53333333,-5.423633658,Michael McGreevy,29869,700241
Dietrich Enns ,BAL,RP,999,59.1761,-3.666248282,-4.464834978,-4.314896198,-3.404513345,-1.117709124,-16.96820193,10.53333333,-5.434868595,Dietrich Enns,13932,608650
Brandon Eisert ,CHW,RP,999,58.38,-3.499484662,-3.856602254,-4.253820129,-3.54164989,-1.861490216,-17.01304715,10.53333333,-5.479713818,Brandon Eisert,27668,685126
Colin Selby ,BAL,RP,999,37.0126,-1.544413089,-2.38264568,-5.76778382,-3.54164989,-3.804899242,-17.04139172,10.53333333,-5.508058387,Colin Selby,24986,681882
Sean Newcomb ,CHW,SP/RP,999,71.5144,-2.712308972,-6.178528933,-3.158525135,-3.043490922,-2.060314522,-17.15316848,10.53333333,-5.61983515,Sean Newcomb,16943,656794
Enyel De Los Santos ,HOU,RP,999,55.8845,-4.377642805,-3.144708864,-4.408020739,-3.54164989,-1.729576327,-17.20159863,10.53333333,-5.668265293,Enyel De Los Santos,18403,660853
Kyle Backhus ,PHI,RP,999,38.6483,-2.909812312,-3.034014176,-5.907592459,-3.54164989,-1.873107603,-17.26617644,10.53333333,-5.732843107,Kyle Backhus,29615,679775
Carlos Vargas ,SEA,RP,999,53.5959,-2.776728475,-4.656858571,-5.360686332,-3.54164989,-1.043477611,-17.37940088,10.53333333,-5.846067547,Carlos Vargas,22915,672841
Rob Zastryzny ,MIL,RP,999,43.6897,-2.255613672,-2.853609938,-5.551728789,-3.54164989,-3.179792551,-17.38239484,10.53333333,-5.849061508,Rob Zastryzny,15094,642239
Tim Hill ,NYY,RP,999,62.2097,-3.035997162,-5.314396687,-5.855938248,-3.54164989,0.361542994,-17.38643899,10.53333333,-5.85310566,Tim Hill,16814,657612
Eric Lauer ,TOR,SP/RP,731.9000244,65.2631,-4.409199041,-3.239961803,-3.661307622,-2.330931714,-3.763082648,-17.40448283,10.53333333,-5.871149494,Eric Lauer,19316,641778
Grant Anderson ,MIL,RP,999,56.109,-3.906412115,-3.982390989,-4.257627998,-3.54164989,-1.764902918,-17.45298391,10.53333333,-5.919650577,Grant Anderson,20546,681982
Cooper Criswell ,SEA,RP,999,51.0201,-2.177823844,-3.803622885,-5.457538058,-2.466280243,-3.659008056,-17.56427309,10.53333333,-6.030939753,Cooper Criswell,24975,681867
Roki Sasaki ,LAD,SP,278.4599915,106.538,-6.482613638,-7.911052525,-0.340906241,1.127651909,-3.980160375,-17.58708087,10.53333333,-6.053747537,Roki Sasaki,35323,808963
JP Sears ,SDP,SP,999,45.1244,-4.263108235,-1.487699022,-5.598202851,-1.97305071,-4.272842689,-17.59490351,10.53333333,-6.061570173,JP Sears,23429,676664
Quinn Priester ,MIL,SP,561.9299927,117.439,-6.673713969,-7.476955754,-0.805585382,1.845016615,-4.486521931,-17.59776042,10.53333333,-6.064427089,Quinn Priester,25977,682990
José Suarez ,ATL,RP,999,46.5145,-2.737317124,-3.20353689,-5.234441687,-2.93946058,-3.494107833,-17.60886411,10.53333333,-6.07553078,Jose Suarez,19911,660761
Max Scherzer ,TOR,SP,574.8900146,90.5619,-9.587493937,-2.52983198,-1.543877196,0.411113339,-4.360642516,-17.61073229,10.53333333,-6.077398956,Max Scherzer,3137,453286
Robby Snelling ,MIA,SP,999,83.2153,-4.342393765,-7.205504959,-2.78994274,1.100375587,-4.419534595,-17.65700047,10.53333333,-6.123667139,Robby Snelling,sa3020707,702281
José Berríos ,TOR,SP,712.5599976,86.8298,-6.612978421,-4.590954233,-2.683277579,0.506378545,-4.287521716,-17.66835341,10.53333333,-6.135020072,Jose Berrios,14168,621244
Edgardo Henriquez ,LAD,RP,999,39.6652,-2.612982748,-3.649914818,-5.507689036,-3.54164989,-2.377848931,-17.69008542,10.53333333,-6.15675209,Edgardo Henriquez,26944,683618
Kyle Hurt ,LAD,RP,999,35.6465,-2.176554933,-2.958662146,-5.880889028,-2.625879224,-4.128565063,-17.77055039,10.53333333,-6.237217061,Kyle Hurt,27514,669165
Austin Warren ,NYM,RP,999,37.8106,-2.273815723,-2.40355032,-6.029337973,-3.54164989,-3.534369129,-17.78272303,10.53333333,-6.249389701,Austin Warren,24937,681810
Hunter Barco ,PIT,SP,999,83.1477,-4.086351144,-6.290275265,-2.484817574,-0.670642227,-4.273759093,-17.8058453,10.53333333,-6.27251197,Hunter Barco,33174,682995
DL Hall ,MIL,RP,999,54.7858,-2.486280009,-4.583108207,-4.557059771,-3.534784776,-2.724484022,-17.88571678,10.53333333,-6.352383452,DL Hall,22207,669084
Steven Cruz ,KCR,RP,999,36.2683,-2.107471944,-3.003090316,-6.146972089,-3.54164989,-3.151318101,-17.95050234,10.53333333,-6.417169008,Steven Cruz,23165,674444
Dylan Dodd ,ATL,RP,999,38.3265,-2.355310746,-2.048006044,-6.142671147,-3.54164989,-3.875222862,-17.96286069,10.53333333,-6.429527355,Dylan Dodd,29928,689266
Connor Phillips ,CIN,RP,999,53.7957,-4.333595318,-4.638372583,-4.075413151,-3.54164989,-1.398824087,-17.98785503,10.53333333,-6.454521696,Connor Phillips,27649,683175
Keaton Winn ,SFG,RP,999,45.6983,-2.348809068,-2.921180057,-5.50791348,-3.085723624,-4.148216666,-18.0118429,10.53333333,-6.478509562,Keaton Winn,23499,676775
Yuki Matsui ,SDP,RP,999,44.859,-2.53140108,-3.575061371,-5.120983003,-3.54164989,-3.244941246,-18.01403659,10.53333333,-6.480703257,Yuki Matsui,33826,673513
Tatsuya Imai ,HOU,SP,999,151.102,-10.43017712,-10.72601811,3.660184168,3.945679814,-4.486521931,-18.03685318,10.53333333,-6.503519847,Tatsuya Imai,sa3062955,837227
Jack Leiter ,TEX,SP,231.6999969,163.287,-11.94969006,-9.062719339,4.281777743,3.112787172,-4.486521931,-18.10436642,10.53333333,-6.571033084,Jack Leiter,30146,683004
Sam Moll ,CIN,RP,999,42.2368,-3.11628989,-3.332789818,-5.404153929,-3.54164989,-2.729890633,-18.12477416,10.53333333,-6.591440826,Sam Moll,14874,594580
Evan Sisk ,PIT,RP,999,36.4475,-1.166820409,-3.832036718,-5.994572476,-3.54164989,-3.595321342,-18.13040084,10.53333333,-6.597067503,Evan Sisk,24995,681895
Zach Eflin ,BAL,SP,420.6799927,145.569,-12.84451729,-5.022956824,0.613562912,3.500982146,-4.38722562,-18.14015468,10.53333333,-6.606821346,Zach Eflin,13774,621107
Justin Wrobleski ,LAD,RP,661.4299927,53.0121,-3.899853575,-3.063208492,-4.872444059,-2.791988225,-3.514575845,-18.1420702,10.53333333,-6.608736863,Justin Wrobleski,31204,680736
Anthony Banda ,MIN,RP,999,54.4464,-3.885542827,-5.657481777,-4.47507484,-3.414952113,-0.81810802,-18.25115958,10.53333333,-6.717826244,Anthony Banda,14706,607455
Philip Abner ,ARI,RP,999,35.142,-2.078780422,-2.934685307,-6.169230818,-3.54164989,-3.618055079,-18.34240152,10.53333333,-6.809068183,Philip Abner,33821,691769
Yohan Ramírez ,PIT,RP,999,49.627,-3.428868423,-4.389428942,-4.74543515,-3.54164989,-2.336625081,-18.44200749,10.53333333,-6.908674154,Yohan Ramirez,19444,670990
Lake Bachar ,MIA,RP,999,50.2608,-3.73644942,-4.346343305,-4.722278644,-3.54164989,-2.100161158,-18.44688242,10.53333333,-6.913549084,Lake Bachar,19222,669199
Cody Laweryson ,MIN,RP,999,36.4946,-2.505924894,-2.58876547,-6.27577095,-3.54164989,-3.559090719,-18.47120192,10.53333333,-6.93786859,Cody Laweryson,26429,689520
Yusei Kikuchi ,LAA,SP,499.230011,167.937,-11.33924627,-12.52764534,5.391170466,4.489879435,-4.486521931,-18.47236364,10.53333333,-6.939030307,Yusei Kikuchi,20633,579328
Ryan Fernandez ,STL,RP,999,42.5333,-2.426285893,-4.16856844,-5.322720343,-3.54164989,-3.038174781,-18.49739935,10.53333333,-6.964066015,Ryan Fernandez,24862,681676
Joe Boyle ,TBR,SP,748.1500244,73.3508,-4.055805894,-6.808278819,-2.182713601,-1.228023789,-4.239121906,-18.51394401,10.53333333,-6.980610676,Joe Boyle,29608,671212
Spencer Bivens ,SFG,RP,999,67.1658,-3.795162858,-5.038942402,-4.641486374,-3.54164989,-1.532217043,-18.54945857,10.53333333,-7.016125234,Spencer Bivens,30226,702352
Kade Strowd ,ARI,RP,999,35.6836,-1.707061889,-4.255296624,-6.15381652,-3.54164989,-2.903056115,-18.56088104,10.53333333,-7.027547706,Kade Strowd,26191,669704
Yoendrys Gómez ,TBR,SP/RP,999,56.3565,-4.11726737,-3.413786785,-4.198984636,-3.008650045,-3.827914257,-18.56660309,10.53333333,-7.033269759,Yoendrys Gomez,22872,672782
Mitch Keller ,PIT,SP,520.1900024,176.418,-13.48491495,-10.3897659,4.085539769,5.684938497,-4.486521931,-18.59072452,10.53333333,-7.057391183,Mitch Keller,17594,656605
Ryan Zeferjahn ,LAA,RP,999,60.2277,-5.17377856,-6.799565934,-3.356775104,-3.54164989,0.269096184,-18.6026733,10.53333333,-7.06933997,Ryan Zeferjahn,25420,666171
Andre Granillo ,WSN,RP,999,38.8942,-3.295936075,-2.85273385,-5.785317692,-3.54164989,-3.157120772,-18.63275828,10.53333333,-7.099424946,Andre Granillo,29542,701552
Alex Lange ,KCR,RP,999,44.157,-1.828449483,-5.570228069,-5.06329569,-3.54164989,-2.682261506,-18.68588464,10.53333333,-7.152551305,Alex Lange,19883,656638
Javier Assad ,CHC,SP,999,57.4688,-2.982026535,-4.385100847,-4.930142898,-2.68982933,-3.726531445,-18.71363106,10.53333333,-7.180297722,Javier Assad,21741,665871
Yerry De los Santos ,NYY,RP,999,37.4526,-1.685190037,-3.424338828,-6.370955672,-3.54164989,-3.709708919,-18.73184335,10.53333333,-7.198510013,Yerry De los Santos,21420,660787
Zack Kelly ,BOS,RP,999,53.4442,-4.133704578,-4.80661414,-4.593247495,-3.54164989,-1.663736976,-18.73895308,10.53333333,-7.205619745,Zack Kelly,20349,677161
Rico Garcia ,BAL,RP,999,50.7656,-4.429335985,-5.676443549,-4.639538415,-3.54164989,-0.467832735,-18.75480057,10.53333333,-7.22146724,Rico Garcia,20023,670329
Daniel Lynch IV ,KCR,RP,999,55.8122,-3.733878912,-4.481575927,-5.312201237,-3.323882438,-1.978898482,-18.830437,10.53333333,-7.297103662,Daniel Lynch IV,21537,663738
Ben Casparius ,LAD,RP,999,53.8077,-4.85884434,-4.150919212,-4.618698712,-3.477175703,-1.742919907,-18.84855788,10.53333333,-7.315224542,Ben Casparius,30085,676508
Noah Cameron ,KCR,SP,294.2099915,150.764,-10.2375497,-9.745546804,1.782975439,3.804821653,-4.486521931,-18.88182134,10.53333333,-7.34848801,Noah Cameron,30184,702070
Colin Holderman ,CLE,RP,999,38.4343,-2.573521747,-3.896055384,-5.879003824,-3.54164989,-3.001214218,-18.89144506,10.53333333,-7.358111729,Colin Holderman,22361,670059
Bradgley Rodriguez ,SDP,RP,999,43.2544,-2.291853925,-4.208110065,-5.615852947,-3.54164989,-3.237002463,-18.89446929,10.53333333,-7.361135956,Bradgley Rodriguez,29107,699134
Chase Silseth ,LAA,RP,999,51.9596,-3.244429459,-4.710103838,-4.648406367,-3.54164989,-2.77785247,-18.92244202,10.53333333,-7.38910869,Chase Silseth,30074,681217
Colin Rea ,CHC,SP,748.0200195,81.8535,-6.169851828,-4.483331316,-3.307990963,-0.764026227,-4.217500629,-18.94270096,10.53333333,-7.409367629,Colin Rea,12317,607067
JT Brubaker ,SFG,RP,999,55.1489,-3.742560369,-4.348827487,-4.962131496,-3.390807163,-2.524115017,-18.96844153,10.53333333,-7.435108199,JT Brubaker,17578,664141
Casey Legumina ,SEA,RP,999,47.5696,-3.391358081,-3.588824246,-5.118237162,-3.54164989,-3.328673958,-18.96874334,10.53333333,-7.435410004,Casey Legumina,25921,668984
Trevor McDonald ,SFG,RP,748.3699951,59.9794,-3.40364492,-5.113737731,-4.890474526,-1.644101511,-3.920666785,-18.97262547,10.53333333,-7.439292141,Trevor McDonald,26448,686790
Victor Vodnik ,COL,RP,516.6599731,62.3546,-5.112484863,-9.91972552,-3.865137001,-3.54164989,3.464565915,-18.97443136,10.53333333,-7.441098026,Victor Vodnik,24614,680767
Kyle Hart ,SDP,SP/RP,999,40.5074,-3.411085492,-3.07908,-5.896687219,-2.884661256,-3.706267561,-18.97778153,10.53333333,-7.444448195,Kyle Hart,19646,606996
Cole Winn ,TEX,RP,999,63.4078,-5.324224363,-6.417932825,-4.277497564,-3.54164989,0.547289358,-19.01401528,10.53333333,-7.480681951,Cole Winn,22113,668390
Cade Gibson ,MIA,RP,999,60.6865,-2.601409804,-5.839579195,-4.834380736,-3.54164989,-2.203752014,-19.02077164,10.53333333,-7.487438307,Cade Gibson,31815,806188
Brandon Sproat ,MIL,SP,567.6099854,87.9991,-5.788368822,-6.514031288,-2.675940395,0.155287881,-4.22126409,-19.04431671,10.53333333,-7.510983381,Brandon Sproat,33850,687075
Paul Blackburn ,NYY,RP,999,59.1881,-5.352191789,-4.183030249,-4.697788919,-2.622245609,-2.205887553,-19.06114412,10.53333333,-7.527810787,Paul Blackburn,14739,621112
Andrew Hoffmann ,ARI,RP,999,50.2168,-3.622019633,-4.937567954,-5.062631322,-3.54164989,-1.945353909,-19.10922271,10.53333333,-7.575889375,Andrew Hoffmann,29633,694851
Chad Patrick ,MIL,SP,290.1700134,140.432,-11.05271156,-8.166873571,2.219169683,2.343968161,-4.461351082,-19.11779836,10.53333333,-7.584465031,Chad Patrick,30113,694477
J.T. Ginn ,ATH,SP,748.1199951,71.1003,-4.802283526,-5.247873674,-3.298239001,-1.750631549,-4.047572379,-19.14660013,10.53333333,-7.613266796,J.T. Ginn,27889,669372
Jedixson Paez ,CHW,RP,999,37.4566,-3.035620984,-2.777077667,-6.377267968,-3.54164989,-3.423455795,-19.15507231,10.53333333,-7.621738972,Jedixson Paez,sa3016264,699151
Ron Marinaccio ,SDP,RP,999,38.6735,-2.622529142,-3.333865718,-5.808866736,-3.54164989,-3.850732462,-19.15764395,10.53333333,-7.624310614,Ron Marinaccio,23488,676760
Gage Jump ,ATH,SP,999,36.9311,-3.35282438,-3.238108682,-6.236136517,-1.86385533,-4.486521931,-19.17744684,10.53333333,-7.644113506,Gage Jump,sa3034986,695611
Landen Roupp ,SFG,SP,693.1199951,120.686,-5.928710616,-11.079661,0.519984039,1.680479512,-4.383980688,-19.19188875,10.53333333,-7.658555417,Landen Roupp,30076,694738
Connor Prielipp ,MIN,RP,999,46.702,-2.817855783,-4.544647071,-5.258501093,-2.5851161,-3.999331059,-19.20545111,10.53333333,-7.672117772,Connor Prielipp,sa3020808,687570
Brent Suter ,LAA,RP,999,61.5136,-5.04104352,-4.238661989,-4.858419971,-3.54164989,-1.534400994,-19.21417636,10.53333333,-7.680843031,Brent Suter,13942,608718
Tyler Phillips ,MIA,RP,999,65.4155,-5.041320191,-6.06589856,-4.830497305,-3.530716385,0.24401206,-19.22442038,10.53333333,-7.691087049,Tyler Phillips,20629,663969
Kumar Rocker ,TEX,SP,731.9799805,91.5851,-6.816627951,-5.778799481,-2.10856245,-0.280225119,-4.271631246,-19.25584625,10.53333333,-7.722512914,Kumar Rocker,31843,677958
Tyler Ferguson ,ATH,RP,999,43.5951,-3.390823562,-4.719812479,-5.288710466,-3.54164989,-2.329357346,-19.27035374,10.53333333,-7.737020409,Tyler Ferguson,19481,621053
Chris Murphy ,CHW,RP,999,48.1745,-2.96800258,-5.04552892,-5.230668076,-3.54164989,-2.504990713,-19.29084018,10.53333333,-7.757506847,Chris Murphy,26214,669684
Ryan Weiss ,HOU,SP,999,77.6088,-5.795429245,-5.855914227,-2.501121645,-1.010089578,-4.153097693,-19.31565239,10.53333333,-7.782319055,Ryan Weiss,sa3007778,680802
Grant Holmes ,ATL,SP,379.4400024,132.23,-8.537578048,-10.75226228,2.125460178,2.071935549,-4.226362749,-19.31880735,10.53333333,-7.785474018,Grant Holmes,16944,656550
Will Warren ,NYY,SP,292.9299927,121.498,-8.877667138,-8.519616385,1.247965502,0.996074601,-4.332501119,-19.48574454,10.53333333,-7.952411206,Will Warren,30182,701542
Zack Littell ,WSN,SP,708.6199951,144.351,-13.90996243,-5.126226607,0.175573753,3.700762118,-4.401867573,-19.56172074,10.53333333,-8.028387405,Zack Littell,15823,641793
Luis Gil ,NYY,SP,351.6099854,97.0894,-6.737857695,-7.880170662,-0.816326692,0.229983025,-4.380429745,-19.58480177,10.53333333,-8.051468435,Luis Gil,21052,661563
Max Lazar ,PHI,RP,999,38.3619,-3.454584998,-2.472126608,-6.397577137,-3.54164989,-3.755688507,-19.62162714,10.53333333,-8.088293808,Max Lazar,23426,676661
Paxton Schultz ,WSN,RP,999,36.3658,-3.007611912,-3.090566219,-6.08248517,-3.54164989,-3.939866105,-19.6621793,10.53333333,-8.128845965,Paxton Schultz,25501,687606
Zach McCambley ,MIA,RP,999,38.0988,-3.261661295,-3.78611861,-5.831214794,-3.54164989,-3.244966082,-19.66561067,10.53333333,-8.132277339,Zach McCambley,sa3014478,685112
Steven Wilson ,TBR,RP,999,43.2281,-4.842948287,-3.387155713,-5.428567131,-3.54164989,-2.521935062,-19.72225608,10.53333333,-8.18892275,Steven Wilson,20353,621051
Jimmy Herget ,COL,RP,999,70.2889,-6.783498185,-5.247751996,-3.465036669,-3.247380966,-0.981523454,-19.72519127,10.53333333,-8.191857937,Jimmy Herget,17556,623474
Tyler Gilbert ,CHW,SP/RP,999,36.6302,-3.136781166,-3.364598665,-6.151979022,-3.54164989,-3.575407498,-19.77041624,10.53333333,-8.237082908,Tyler Gilbert,17964,656457
Dean Kremer ,BAL,SP,999,109.588,-9.356990798,-6.123441428,-1.006124619,1.021125166,-4.320843069,-19.78627475,10.53333333,-8.252941415,Dean Kremer,19350,665152
Tommy Kahnle ,BOS,RP,744.5599976,40.3217,-3.394413186,-4.815465252,-5.938407927,-3.54164989,-2.163053371,-19.85298963,10.53333333,-8.319656294,Tommy Kahnle,11384,592454
Grant Wolfram ,BAL,RP,999,38.6562,-2.953676046,-4.262668858,-5.87437534,-3.54164989,-3.229153034,-19.86152317,10.53333333,-8.328189834,Grant Wolfram,21623,664991
Luis Curvelo ,TEX,RP,999,36.4756,-3.794506478,-3.409744211,-6.144232332,-3.54164989,-2.981509564,-19.87164248,10.53333333,-8.338309143,Luis Curvelo,24710,681168
Dustin May ,STL,SP,436.5899963,142.606,-10.61819327,-9.769822122,1.794932142,3.096823774,-4.393369276,-19.88962875,10.53333333,-8.35629542,Dustin May,19716,669160
AJ Blubaugh ,HOU,RP,748.3300171,39.0635,-3.563887564,-3.550589001,-5.860006742,-3.013759209,-3.971281584,-19.9595241,10.53333333,-8.426190766,AJ Blubaugh,31764,805123
John King ,MIA,RP,999,45.2234,-2.116432125,-4.803241858,-6.425780759,-3.54164989,-3.094361668,-19.9814663,10.53333333,-8.448132968,John King,22051,667463
Eric Orze ,MIN,RP,999,60.1703,-4.517124782,-6.043606814,-4.020995169,-3.54164989,-1.861558884,-19.98493554,10.53333333,-8.451602206,Eric Orze,27626,679358
Kai-Wei Teng ,HOU,SP,999,46.7051,-4.329796072,-4.126453119,-4.949721102,-2.870877171,-3.713672214,-19.99051968,10.53333333,-8.457186345,Kai-Wei Teng,24282,678906
Griff McGarry ,WSN,RP,999,42.2998,-3.095976846,-5.529678555,-5.016652255,-3.54164989,-2.868711689,-20.05266924,10.53333333,-8.519335903,Griff McGarry,sa3017130,676046
Chris Bassitt ,BAL,SP,361.8500061,167.365,-11.65417404,-12.45603904,3.873707877,4.547249111,-4.383321568,-20.07257766,10.53333333,-8.539244323,Chris Bassitt,12304,605135
Brady Singer ,CIN,SP,382.7600098,167.062,-14.37079808,-10.15208439,4.137345744,4.773423271,-4.486521931,-20.09863539,10.53333333,-8.565302054,Brady Singer,25377,663903
Carson Whisenhunt ,SFG,SP,999,38.4474,-3.251234052,-3.934918393,-6.336899688,-2.289331831,-4.289965007,-20.10234897,10.53333333,-8.569015638,Carson Whisenhunt,31676,687931
Joel Peguero ,SFG,RP,999,44.2414,-3.430905726,-5.67477715,-5.857947681,-3.54164989,-1.617225585,-20.12250603,10.53333333,-8.589172699,Joel Peguero,21951,666711
Max Meyer ,MIA,SP,290.5100098,127.695,-9.757932449,-9.032925702,0.932893066,2.07806503,-4.385597703,-20.16549776,10.53333333,-8.632164425,Max Meyer,27474,676974
Matt Pushard ,STL,RP,999,49.3427,-3.67601972,-4.523511896,-5.286008169,-3.54164989,-3.176053782,-20.20324346,10.53333333,-8.669910124,Matt Pushard,sa3019955,690155
Taj Bradley ,MIN,SP,503.4400024,139.111,-11.88510961,-9.468916646,2.399653651,3.125129802,-4.381476191,-20.21071899,10.53333333,-8.677385655,Taj Bradley,22543,671737
Kaleb Ort ,LAA,RP,999,37.0019,-4.10594143,-3.131584708,-5.816450136,-3.54164989,-3.630397519,-20.22602368,10.53333333,-8.692690351,Kaleb Ort,20061,672391
Nick Martinez ,TBR,SP,737.2299805,141.367,-12.20474401,-7.397980108,0.262870746,3.338947497,-4.246746581,-20.24765245,10.53333333,-8.714319119,Nick Martinez,12730,607259
Juan Mejia ,COL,RP,999,64.3624,-6.594517955,-7.829284276,-3.404189526,-3.54164989,1.098199242,-20.27144241,10.53333333,-8.738109073,Juan Mejia,23237,675848
Zak Kent ,MIN,RP,999,43.6375,-3.060146796,-4.776688602,-5.454536075,-3.54164989,-3.442367913,-20.27538928,10.53333333,-8.742055943,Zak Kent,25703,687849
Cole Henry ,WSN,RP,734.9199829,62.2452,-7.577105521,-8.704193552,-3.971656161,-3.54164989,3.50951747,-20.28508766,10.53333333,-8.751754322,Cole Henry,27570,669371
Jaden Hill ,COL,RP,999,39.1021,-3.607979987,-3.891456596,-5.724910793,-3.54164989,-3.52312745,-20.28912472,10.53333333,-8.755791384,Jaden Hill,30250,677955
Johan Oviedo ,BOS,SP,523.460022,93.3076,-6.744362441,-7.590689047,-1.434382307,-0.313295592,-4.245001229,-20.32773062,10.53333333,-8.794397284,Johan Oviedo,22487,670912
Kyle Harrison ,MIL,SP,475.1799927,97.1454,-7.419511928,-7.438735887,-0.721875656,-0.731379362,-4.024898424,-20.33640126,10.53333333,-8.803067924,Kyle Harrison,27758,690986
Peyton Pallette ,CLE,RP,999,41.5272,-3.869953334,-4.256594109,-5.604333286,-3.54164989,-3.133987767,-20.40651839,10.53333333,-8.873185053,Peyton Pallette,sa3020742,688883
Brandon Pfaadt ,ARI,SP,599.9199829,162.719,-15.48223135,-7.523947996,3.076872277,3.968100776,-4.486521931,-20.44772823,10.53333333,-8.914394892,Brandon Pfaadt,27782,694297
Patrick Sandoval ,BOS,SP,999,70.662,-3.832261773,-8.01036451,-3.304371038,-1.03303198,-4.292073218,-20.47210252,10.53333333,-8.938769186,Patrick Sandoval,19447,663776
Jordan Hicks ,CHW,SP/RP,999,58.6348,-4.363736572,-7.038195228,-4.449429916,-3.335188795,-1.360922114,-20.54747262,10.53333333,-9.014139291,Jordan Hicks,19618,663855
George Soriano ,STL,RP,999,41.909,-4.230040885,-3.98488957,-5.693572475,-3.54164989,-3.149054056,-20.59920688,10.53333333,-9.065873544,George Soriano,21863,666277
Beau Brieske ,DET,RP,999,42.8186,-4.249189104,-4.637840989,-5.783537506,-3.54164989,-2.388160523,-20.60037801,10.53333333,-9.06704468,Beau Brieske,26079,689225
Jordan Montgomery ,TEX,SP,999,46.994,-4.597396067,-4.304473837,-5.816930402,-1.651455373,-4.316718321,-20.686974,10.53333333,-9.153640667,Jordan Montgomery,16511,656756
Ryan Johnson ,LAA,RP,999,47.8637,-4.685875472,-4.630809356,-5.224751519,-2.197110861,-3.950616672,-20.68916388,10.53333333,-9.155830546,Ryan Johnson,35325,696270
River Ryan ,LAD,SP,663.5200195,40.4731,-3.858171506,-4.09723261,-6.063648817,-2.401659973,-4.284645045,-20.70535795,10.53333333,-9.172024617,River Ryan,29514,689981
Michael Kelly ,ATH,RP,999,58.6835,-5.677577097,-6.91162701,-4.663484478,-3.54164989,0.049889181,-20.74444929,10.53333333,-9.211115962,Michael Kelly,12791,547184
Jon Gray ,,RP,999,47.1195,-5.351237676,-3.492961387,-5.521316424,-1.943434657,-4.486521931,-20.79547207,10.53333333,-9.262138742,Jon Gray,14916,592351
Stephen Kolek ,KCR,SP,999,59.9921,-4.451663105,-5.692089351,-5.2710799,-1.507637879,-3.920082267,-20.8425525,10.53333333,-9.309219169,Stephen Kolek,21487,663568
Martín Pérez ,ATL,SP,999,35.0423,-3.762077041,-4.061358305,-6.644540488,-1.969484293,-4.486521931,-20.92398206,10.53333333,-9.390648725,Martin Perez,6902,527048
Gordon Graceffo ,STL,RP,999,56.8332,-4.499211304,-4.289145105,-5.020268978,-3.54164989,-3.589687942,-20.93996322,10.53333333,-9.406629886,Gordon Graceffo,29519,700669
Keider Montero ,DET,SP/RP,999,50.3997,-4.847986591,-4.575977452,-5.348642221,-1.96896911,-4.246346322,-20.9879217,10.53333333,-9.454588363,Keider Montero,22630,672456
Jackson Rutledge ,WSN,RP,999,37.9368,-4.304209205,-3.695745293,-6.127929862,-3.54164989,-3.322910809,-20.99244506,10.53333333,-9.459111726,Jackson Rutledge,26215,671131
Nate Pearson ,HOU,RP,999,42.4481,-4.11169745,-4.346804197,-5.441430576,-3.54164989,-3.621465187,-21.0630473,10.53333333,-9.529713967,Nate Pearson,20160,663878
Tyler Alexander ,TEX,SP/RP,999,68.4681,-7.700820542,-3.465333311,-4.141794559,-3.197338182,-2.568686954,-21.07397355,10.53333333,-9.540640214,Tyler Alexander,17735,641302
Didier Fuentes ,ATL,RP,640.4699707,43.0655,-4.824216102,-3.37207515,-5.525316079,-3.291710692,-4.061384251,-21.07470227,10.53333333,-9.541368941,Didier Fuentes,30661,800311
Kyle Nicolas ,CIN,RP,999,36.7716,-3.078343125,-4.92077299,-5.797745696,-3.54164989,-3.740968296,-21.07948,10.53333333,-9.546146663,Kyle Nicolas,27775,693312
Connor Brogdon ,CLE,RP,999,47.0391,-5.588819615,-4.049170855,-5.055621039,-3.54164989,-2.862416689,-21.09767809,10.53333333,-9.564344756,Connor Brogdon,21205,641401
Cionel Pérez ,WSN,RP,999,49.6698,-3.891698867,-7.698052493,-5.310722338,-3.54164989,-0.692849241,-21.13497283,10.53333333,-9.601639496,Cionel Perez,19614,672335
Jacob Latz ,TEX,SP,729.1799927,101.857,-6.77907437,-9.705838416,-0.868415063,-0.218047186,-3.683555315,-21.25493035,10.53333333,-9.721597017,Jacob Latz,21306,656641
Emerson Hancock ,SEA,SP/RP,734.5300293,66.1905,-5.777191974,-5.004540873,-4.590659822,-1.66261595,-4.276428932,-21.31143755,10.53333333,-9.778104217,Emerson Hancock,27470,676106
Justin Verlander ,DET,SP,672.3599854,131.441,-11.36752376,-8.446211124,0.340340216,2.594722173,-4.486521931,-21.36519442,10.53333333,-9.83186109,Justin Verlander,8700,434378
Mitchell Parker ,WSN,SP,999,46.4,-5.183757489,-4.169977572,-5.869014291,-1.971100166,-4.285248507,-21.47909802,10.53333333,-9.945764691,Mitchell Parker,27636,680730
George Klassen ,LAA,RP,999,38.7948,-4.236434983,-4.942516175,-5.859190289,-2.146804763,-4.296989905,-21.48193611,10.53333333,-9.948602782,George Klassen,sa3023440,691946
Will Klein ,LAD,RP,999,50.2805,-3.878842,-8.104246932,-4.309917761,-3.54164989,-1.693490282,-21.52814686,10.53333333,-9.994813531,Will Klein,27787,694361
Drew Thorpe ,CHW,SP,999,39.4474,-5.040404019,-3.697789284,-6.380861478,-1.951332688,-4.486521931,-21.5569094,10.53333333,-10.02357607,Drew Thorpe,31967,689672
Jason Alexander ,HOU,SP/RP,999,43.2577,-4.737467134,-4.653442301,-6.093680171,-1.935964517,-4.165549501,-21.58610362,10.53333333,-10.05277029,Jason Alexander,19666,669920
Brayan Bello ,BOS,SP,424.6099854,155.925,-10.44715149,-12.66687182,1.815388912,4.183008787,-4.486521931,-21.60214754,10.53333333,-10.06881421,Brayan Bello,23920,678394
Hurston Waldrep ,ATL,SP,748.3699951,50.8234,-4.465631181,-6.378230792,-5.216308443,-1.089382162,-4.486521931,-21.63607451,10.53333333,-10.10274118,Hurston Waldrep,33527,694462
Andrew Alvarez ,WSN,SP,999,71.7615,-4.931292405,-7.144591166,-4.420815026,-1.037384511,-4.121088568,-21.65517168,10.53333333,-10.12183834,Andrew Alvarez,29914,674841
Michael Wacha ,KCR,SP,613.75,163.457,-13.21813094,-10.01928662,1.670233312,4.392476421,-4.486521931,-21.66122976,10.53333333,-10.12789643,Michael Wacha,14078,608379
John Brebbia ,,RP,999,35.231,-5.711207711,-4.074384484,-6.024225061,-3.54164989,-2.542277393,-21.89374454,10.53333333,-10.36041121,John Brebbia,12777,605154
Matthew Liberatore ,STL,SP,430.6000061,151.182,-12.17140849,-10.23508222,1.532214465,3.298205949,-4.486521931,-22.06259223,10.53333333,-10.5292589,Matthew Liberatore,22294,669461
Hunter Dobbins ,STL,SP,999,78.5467,-6.502682171,-6.758617302,-3.973302513,-0.573083737,-4.293287697,-22.10097342,10.53333333,-10.56764009,Hunter Dobbins,30240,690928
Roddery Muñoz ,HOU,RP,999,47.9608,-6.034996912,-5.556555183,-4.908519081,-3.534718379,-2.188029022,-22.22281858,10.53333333,-10.68948524,Roddery Munoz,25311,682610
Gunnar Hoglund ,ATH,SP,999,40.2666,-5.683892782,-3.708020146,-6.279141777,-2.366703353,-4.322560799,-22.36031886,10.53333333,-10.82698552,Gunnar Hoglund,31318,680684
Zach Maxwell ,CIN,RP,999,37.122,-3.996836315,-5.106303482,-5.786096683,-3.54164989,-3.957850768,-22.38873714,10.53333333,-10.85540381,Zach Maxwell,31610,687209
Eduarniel Núñez ,ATH,RP,999,35.6104,-3.40755432,-5.357273328,-5.980618187,-3.54164989,-4.113701028,-22.40079675,10.53333333,-10.86746342,Eduarniel Nunez,23162,674384
Ryan Gusto ,MIA,SP/RP,999,47.4527,-5.434025612,-4.583821869,-5.410291408,-3.006104193,-4.049668583,-22.48391166,10.53333333,-10.95057833,Ryan Gusto,26440,687473
Sam Bachman ,LAA,RP,999,44.5113,-4.190347292,-6.304330561,-5.728788781,-3.54164989,-2.75704407,-22.52216059,10.53333333,-10.98882726,Sam Bachman,29754,696147
Cade Cavalli ,WSN,SP,308.5400085,135.463,-9.028279497,-12.36789291,0.668133298,2.683507415,-4.486521931,-22.53105362,10.53333333,-10.99772029,Cade Cavalli,27473,676917
Juan Morillo ,ARI,RP,999,46.562,-3.385235258,-7.206532617,-5.356029993,-3.54164989,-3.043378743,-22.5328265,10.53333333,-10.99949317,Juan Morillo,21924,666661
Carter Baumler ,TEX,RP,999,41.4665,-4.689424672,-5.664922304,-5.885588591,-3.54164989,-2.752151287,-22.53373674,10.53333333,-11.00040341,Carter Baumler,sa3014480,691945
Ryan Bergert ,KCR,SP,999,51.0763,-5.570630188,-5.352225278,-5.252188156,-2.23726163,-4.124563025,-22.53686828,10.53333333,-11.00353494,Ryan Bergert,29863,686701
Brennan Bernardino ,COL,RP,999,55.4997,-5.233346042,-7.788794159,-4.64247284,-3.54164989,-1.372217413,-22.57848035,10.53333333,-11.04514701,Brennan Bernardino,16835,657514
Ken Waldichuk ,WSN,RP,999,36.4671,-3.982957302,-5.577041222,-5.94498469,-3.321072324,-3.780259834,-22.60631537,10.53333333,-11.07298204,Ken Waldichuk,27681,686610
Seth Halvorsen ,COL,RP,703.4699707,48.1501,-5.413730145,-6.953536305,-5.269911253,-3.54164989,-1.475318383,-22.65414598,10.53333333,-11.12081264,Seth Halvorsen,33294,678020
Slade Cecconi ,CLE,SP,610.5499878,151.441,-16.21555007,-6.819238143,1.609655759,3.203696388,-4.486521931,-22.707958,10.53333333,-11.17462466,Slade Cecconi,27500,677944
Quinn Mathews ,STL,SP,999,40.4646,-3.549572813,-7.561863047,-5.907273882,-1.249308155,-4.486521931,-22.75453983,10.53333333,-11.2212065,Quinn Mathews,sa3023407,687273
Keegan Thompson ,COL,RP,999,43.354,-5.364137634,-5.429539405,-5.425623741,-3.427274186,-3.147083133,-22.7936581,10.53333333,-11.26032476,Keegan Thompson,19795,624522
Brandan Bidois ,PIT,RP,999,43.5089,-4.700561826,-5.844112299,-5.543338542,-3.54164989,-3.232628359,-22.86229092,10.53333333,-11.32895758,Brandan Bidois,sa3015277,684049
Seth Lugo ,KCR,SP,500.9899902,156.473,-13.67932312,-11.82608321,2.245038732,4.81323591,-4.486521931,-22.93365361,10.53333333,-11.40032028,Seth Lugo,12447,607625
Chris Roycroft ,STL,RP,999,43.345,-3.943882347,-6.524561737,-5.988961689,-3.54164989,-3.151497663,-23.15055333,10.53333333,-11.61721999,Chris Roycroft,31261,688297
Janson Junk ,MIA,SP,999,89.2223,-9.484221528,-5.611920046,-3.381260986,-0.880432345,-4.121892282,-23.47972719,10.53333333,-11.94639385,Janson Junk,23301,676083
Richard Fitts ,STL,SP,745.6400146,105.528,-9.365178906,-8.377350933,-1.961273828,0.373622643,-4.323035641,-23.65321666,10.53333333,-12.11988333,Richard Fitts,30160,690916
Dan Altavilla ,MIN,RP,999,38.0736,-4.620998929,-5.490285388,-6.189488118,-3.54164989,-3.855229028,-23.69765135,10.53333333,-12.16431802,Dan Altavilla,16507,656186
Mason Black ,KCR,RP,999,39.3808,-5.48530539,-5.1710772,-6.172508794,-2.765466641,-4.255326184,-23.84968421,10.53333333,-12.31635088,Mason Black,30171,696131
Travis Adams ,MIN,RP,999,50.5503,-6.161696725,-5.70579192,-5.510916103,-3.263716071,-3.50373667,-24.14585749,10.53333333,-12.61252416,Travis Adams,30180,701519
Spencer Arrighetti ,HOU,SP,726.3300171,93.1962,-10.07598473,-8.805262689,-1.154059999,0.157848309,-4.284993729,-24.16245284,10.53333333,-12.62911951,Spencer Arrighetti,29921,681293
Rhett Lowder ,CIN,SP,551.0700073,113.948,-10.02739097,-9.259525318,-1.358091731,0.657155608,-4.262143184,-24.2499956,10.53333333,-12.71666226,Rhett Lowder,33876,695076
Bailey Falter ,KCR,SP,999,68.9995,-7.822277927,-5.858244152,-4.621576466,-2.38342503,-3.800946098,-24.48646967,10.53333333,-12.95313634,Bailey Falter,20070,663559
Luis Medina ,ATH,RP,999,66.7849,-6.808927573,-8.140718184,-3.762157081,-1.893779536,-4.01857949,-24.62416186,10.53333333,-13.09082853,Luis Medina,21649,665622
McCade Brown ,COL,SP,999,36.3932,-6.555245924,-5.411292821,-6.085443609,-2.314925247,-4.29443613,-24.66134373,10.53333333,-13.1280104,McCade Brown,30004,685326
Griffin Canning ,SDP,SP,999,100.271,-9.346698879,-9.554026888,-1.500584736,-0.16222141,-4.169844081,-24.73337599,10.53333333,-13.20004266,Griffin Canning,19867,656288
Luis Morales ,ATH,SP,733.9500122,113.123,-11.5235485,-9.760647621,-0.526888294,1.231785888,-4.384851658,-24.96415019,10.53333333,-13.43081685,Luis Morales,32227,806960
Brandon Williamson ,CIN,SP,999,75.4011,-9.212779304,-7.090810285,-3.525098737,-1.027916723,-4.232570923,-25.08917597,10.53333333,-13.55584264,Brandon Williamson,25463,682227
Orlando Ribalta ,WSN,RP,999,40.7997,-5.799997969,-6.980406278,-5.750680907,-3.54164989,-3.05411136,-25.1268464,10.53333333,-13.59351307,Orlando Ribalta,26247,687377
Wikelman González ,CHW,RP,999,43.5526,-4.804904706,-7.733563179,-5.354563581,-3.54164989,-3.854089224,-25.28877058,10.53333333,-13.75543725,Wikelman Gonzalez,26641,682790
Jeffrey Springs ,ATH,SP,719.7399902,160.814,-16.72400939,-11.04873135,2.630409305,3.930748757,-4.486521931,-25.69810462,10.53333333,-14.16477128,Jeffrey Springs,17677,605488
Charlie Morton ,,SP/RP,999,57.1175,-7.787621422,-7.680600594,-4.020734225,-1.820877483,-4.486521931,-25.79635566,10.53333333,-14.26302232,Charlie Morton,4676,450203
Eduardo Rodriguez ,ARI,SP,739.7299805,130.897,-11.36177249,-12.99874534,0.920896661,1.9801274,-4.381238799,-25.84073257,10.53333333,-14.30739924,Eduardo Rodriguez,13164,593958
Lucas Giolito ,,SP,726.6300049,104.106,-11.37420296,-10.06221468,-1.01834963,0.957893811,-4.486521931,-25.98339539,10.53333333,-14.45006206,Lucas Giolito,15474,608337
Marcus Stroman ,,SP,999,53.57,-6.88119399,-7.585256643,-5.715987451,-1.912984892,-4.486079794,-26.58150277,10.53333333,-15.04816944,Marcus Stroman,13431,573186
José Urquidy ,PIT,SP,999,74.4605,-9.697365479,-7.052576491,-4.032194332,-1.555119287,-4.299744875,-26.63700046,10.53333333,-15.10366713,Jose Urquidy,18413,664353
Zach Agnos ,COL,RP,742.8200073,55.9129,-9.229153849,-8.365423803,-5.205870661,-3.54164989,-0.528692474,-26.87079068,10.53333333,-15.33745734,Zach Agnos,31552,688642
Aaron Civale ,ATH,SP,748.3699951,122.877,-14.29775845,-9.341702927,0.007689404,1.168669495,-4.475199629,-26.93830211,10.53333333,-15.40496877,Aaron Civale,19479,650644
Anthony Kay ,CHW,SP,717.8099976,126.435,-11.18368806,-13.90193979,-0.171203924,2.35314723,-4.391278721,-27.29496326,10.53333333,-15.76162993,Anthony Kay,20387,641743
Kyle Leahy ,STL,SP,734.789978,114.013,-10.5176088,-12.00519785,-1.072913613,0.11542682,-3.866283071,-27.34657651,10.53333333,-15.81324318,Kyle Leahy,24763,681517
Lance McCullers Jr. ,HOU,SP,999,82.2678,-8.790868175,-11.68284794,-2.269620618,-0.254633679,-4.360725902,-27.35869632,10.53333333,-15.82536298,Lance McCullers Jr.,14120,621121
Alek Manoah ,LAA,SP,748.3400269,68.0231,-9.122637068,-9.129568596,-4.036118426,-0.585139129,-4.486521931,-27.35998515,10.53333333,-15.82665182,Alek Manoah,26410,666201
Chase Petty ,CIN,RP,999,42.9223,-7.157952425,-7.706560804,-6.05247879,-2.669385758,-4.185011179,-27.77138896,10.53333333,-16.23805562,Chase Petty,30170,695534
Patrick Corbin ,,SP,999,69.3532,-9.73046685,-8.36898585,-4.255770329,-0.963884926,-4.486521931,-27.80562989,10.53333333,-16.27229655,Patrick Corbin,9323,571578
Andrew Painter ,PHI,SP,999,104.852,-12.12530322,-11.14103073,-1.485388479,1.000087356,-4.096852101,-27.84848718,10.53333333,-16.31515384,Andrew Painter,sa3017880,691725
Adrian Houser ,SFG,SP,742.539978,141.039,-11.22780383,-14.91976969,-0.350640272,2.806501539,-4.484712807,-28.17642506,10.53333333,-16.64309173,Adrian Houser,12718,605288
Tyler Anderson ,LAA,SP,999,71.5251,-9.804078019,-9.006996467,-4.245938323,-0.976619542,-4.436870104,-28.47050245,10.53333333,-16.93716912,Tyler Anderson,12880,542881
Logan Allen ,CLE,SP,999,105.019,-10.27304235,-12.48368779,-1.751913705,0.407078515,-4.388509468,-28.4900748,10.53333333,-16.95674147,Logan Allen,27589,671106
Cristian Javier ,HOU,SP,475.0499878,137.779,-16.3236063,-11.80128242,1.571133942,2.476311325,-4.486521931,-28.56396539,10.53333333,-17.03063205,Cristian Javier,17606,664299
Simeon Woods Richardson ,MIN,SP,667.6799927,139.046,-14.7595918,-12.67382841,1.598600675,1.483597275,-4.382686086,-28.73390835,10.53333333,-17.20057502,Simeon Woods Richardson,24494,680573
Caden Dana ,LAA,SP,999,66.3058,-10.9156894,-8.544420212,-4.114899022,-0.859039936,-4.439101175,-28.87314975,10.53333333,-17.33981642,Caden Dana,31508,702674
Walker Buehler ,SDP,SP,742.8099976,68.7083,-10.0760134,-9.137408332,-4.266753693,-1.290762361,-4.350956277,-29.12189406,10.53333333,-17.58856073,Walker Buehler,19374,621111
Bryce Elder ,ATL,SP,736.9899902,110.754,-12.57493353,-12.54605786,-1.287438196,1.393412081,-4.261987532,-29.27700504,10.53333333,-17.7436717,Bryce Elder,27779,693821
Luis Severino ,ATH,SP,647.3699951,166.208,-18.17372039,-13.61949381,2.337902968,4.286763297,-4.486521931,-29.65506986,10.53333333,-18.12173653,Luis Severino,15890,622663
Chris Paddack ,MIA,SP,748.289978,121.649,-16.3843393,-9.088895898,-0.940574712,0.787021023,-4.343665867,-29.97045475,10.53333333,-18.43712142,Chris Paddack,20099,663978
Jake Irvin ,WSN,SP,999,106.98,-14.82483914,-10.21487564,-2.147298785,0.890789368,-4.331881508,-30.62810571,10.53333333,-19.09477238,Jake Irvin,21504,663623
Andre Pallante ,STL,SP,999,129.742,-11.02439057,-16.45136911,-1.372292236,2.248585031,-4.353225837,-30.95269272,10.53333333,-19.41935939,Andre Pallante,26108,669467
Tanner Gordon ,COL,SP,999,64.3041,-12.72549165,-8.079837882,-4.887282678,-1.523144728,-4.240766374,-31.45652332,10.53333333,-19.92318998,Tanner Gordon,27669,685299
Davis Martin ,CHW,SP,999,151.082,-16.48490646,-15.2073652,0.938358493,2.954071561,-4.486521931,-32.28636354,10.53333333,-20.7530302,Davis Martin,21448,663436
Miles Mikolas ,WSN,SP,999,143.31,-19.7207471,-10.24463868,-0.929860937,2.524514449,-4.486521931,-32.8572542,10.53333333,-21.32392086,Miles Mikolas,9803,571945
Jonathan Cannon ,CHW,SP,999,93.3605,-13.6736953,-11.31022953,-2.990163721,-0.778691623,-4.305097158,-33.05787733,10.53333333,-21.52454399,Jonathan Cannon,31730,686563
Mick Abel ,MIN,SP,310.0499878,122.299,-15.10273895,-15.83191214,0.32985761,1.403914022,-4.314457477,-33.51533694,10.53333333,-21.9820036,Mick Abel,27756,690953
Jack Kochanowicz ,LAA,SP,999,70.0479,-10.77121777,-11.93079585,-5.250540203,-1.362006049,-4.233050122,-33.54760999,10.53333333,-22.01427666,Jack Kochanowicz,27688,686799
Erick Fedde ,CHW,SP,999,100.805,-15.50116064,-13.20985587,-2.862804858,0.4229062,-4.388051995,-35.53896716,10.53333333,-24.00563382,Erick Fedde,17425,607200
Sean Burke ,CHW,SP,999,143.257,-18.59615105,-17.18854366,2.360925,2.101026208,-4.486521931,-35.80926544,10.53333333,-24.27593211,Sean Burke,29878,680732
Randy Vásquez ,SDP,SP,723.8599854,127.715,-16.8817011,-14.94497577,-1.504186091,1.224149401,-4.386933046,-36.4936466,10.53333333,-24.96031327,Randy Vasquez,24719,681190
Josiah Gray ,WSN,SP,999,87.8877,-17.14825283,-12.03563122,-2.548565524,-0.540543597,-4.486521931,-36.75951511,10.53333333,-25.22618178,Josiah Gray,24580,680686
Germán Márquez ,SDP,SP,745.6300049,94.7653,-16.68923996,-14.106346,-3.026394349,-0.235254729,-4.393965958,-38.45120099,10.53333333,-26.91786766,German Marquez,15038,608566
Taijuan Walker ,PHI,SP,999,109.968,-17.70961848,-14.67698345,-2.456852645,-0.303204414,-3.88509127,-39.03175026,10.53333333,-27.49841693,Taijuan Walker,11836,592836
Ryan Feltner ,COL,SP,999,101.751,-17.50258514,-16.26259421,-1.885296385,0.545205948,-4.31858725,-39.42385704,10.53333333,-27.8905237,Ryan Feltner,21446,663372
Antonio Senzatela ,COL,SP,999,74.9374,-15.62834524,-14.75515339,-4.94534684,-2.520990588,-3.106481684,-40.95631774,10.53333333,-29.42298441,Antonio Senzatela,15488,622608
Tomoyuki Sugano ,COL,SP,999,114.792,-21.28594128,-14.38740653,-2.730551764,0.820806624,-4.486521931,-42.06961488,10.53333333,-30.53628155,Tomoyuki Sugano,35321,608372
Michael Lorenzen ,COL,SP,999,141.951,-24.48019294,-20.34837268,0.594539895,2.434309491,-4.464742351,-46.26445859,10.53333333,-34.73112526,Michael Lorenzen,14843,547179
Jose Quintana ,COL,SP,999,127.594,-20.40546775,-21.79972395,-1.427189203,1.688001697,-4.486521931,-46.43090113,10.53333333,-34.8975678,Jose Quintana,11423,500779
Kyle Freeland ,COL,SP,999,159.084,-26.5843704,-20.33992601,0.897834287,3.671126631,-4.486521931,-46.84185742,10.53333333,-35.30852409,Kyle Freeland,16256,607536
Chase Dollander ,COL,SP,740.0700073,113.695,-23.38016927,-19.35600917,-0.744506431,0.540820312,-4.486521931,-47.42638649,10.53333333,-35.89305316,Chase Dollander,33482,801403
